iso_code,country,continent,year,coal_prod_change_pct,coal_prod_change_twh,gas_prod_change_pct,gas_prod_change_twh,oil_prod_change_pct,oil_prod_change_twh,energy_cons_change_pct,energy_cons_change_twh,biofuel_share_elec,biofuel_elec_per_capita,biofuel_cons_change_pct,biofuel_share_energy,biofuel_cons_change_twh,biofuel_consumption,biofuel_cons_per_capita,carbon_intensity_elec,coal_share_elec,coal_cons_change_pct,coal_share_energy,coal_cons_change_twh,coal_consumption,coal_elec_per_capita,coal_cons_per_capita,coal_production,coal_prod_per_capita,electricity_demand,biofuel_electricity,coal_electricity,fossil_electricity,gas_electricity,hydro_electricity,nuclear_electricity,oil_electricity,other_renewable_exc_biofuel_electricity,other_renewable_electricity,renewables_electricity,solar_electricity,wind_electricity,electricity_generation,energy_per_gdp,energy_per_capita,fossil_cons_change_pct,fossil_share_energy,fossil_cons_change_twh,fossil_fuel_consumption,fossil_energy_per_capita,fossil_cons_per_capita,fossil_share_elec,gdp,gas_share_elec,gas_cons_change_pct,gas_share_energy,gas_cons_change_twh,gas_consumption,gas_elec_per_capita,gas_energy_per_capita,gas_production,gas_prod_per_capita,hydro_share_elec,hydro_cons_change_pct,hydro_share_energy,hydro_cons_change_twh,hydro_consumption,hydro_elec_per_capita,hydro_energy_per_capita,low_carbon_share_elec,low_carbon_electricity,low_carbon_elec_per_capita,low_carbon_cons_change_pct,low_carbon_share_energy,low_carbon_cons_change_twh,low_carbon_consumption,low_carbon_energy_per_capita,net_elec_imports_share_demand,net_elec_imports,nuclear_share_elec,nuclear_cons_change_pct,nuclear_share_energy,nuclear_cons_change_twh,nuclear_consumption,nuclear_elec_per_capita,nuclear_energy_per_capita,oil_share_elec,oil_cons_change_pct,oil_share_energy,oil_cons_change_twh,oil_consumption,oil_elec_per_capita,oil_energy_per_capita,oil_production,oil_prod_per_capita,other_renewables_elec_per_capita_exc_biofuel,other_renewables_elec_per_capita,other_renewables_cons_change_pct,other_renewables_share_energy,other_renewables_cons_change_twh,other_renewable_consumption,other_renewables_share_elec_exc_biofuel,other_renewables_share_elec,other_renewables_energy_per_capita,per_capita_electricity,population,primary_energy_consumption,renewables_elec_per_capita,renewables_share_elec,renewables_cons_change_pct,renewables_share_energy,renewables_cons_change_twh,renewables_consumption,renewables_energy_per_capita,solar_share_elec,solar_cons_change_pct,solar_share_energy,solar_cons_change_twh,solar_consumption,solar_elec_per_capita,solar_energy_per_capita,wind_share_elec,wind_cons_change_pct,wind_share_energy,wind_cons_change_twh,wind_consumption,wind_elec_per_capita,wind_energy_per_capita
NOR,Norway,Europe,2020,0,,-2.455,-28.055,17.094,156.147,8.533,42.145,0.166,46.115,,,,,,,0.027,-0.045,1.692,-0.004,9.07,7.378,1673.142,,,130.23,0.25,0.04,2.07,1.14,138.68,0,0.89,0.11,0.36,148.63,0.01,9.58,150.7,,98879.418,-3.919,29.34,-6.415,157.278,29011.386,381.831,1.374,,0.756,-2.92,8.268,-1.333,44.32,210.284,8175.174,1114.543,205588.052,92.024,12.232,64.881,37.907,347.796,25580.854,64154.278,98.626,148.63,27416.227,15.013,69.615,48.71,373.171,68834.914,-15.718,-20.47,0,,0,0,0,0,0,0.591,-4.66,19.38,-5.078,103.888,164.169,19163.07,1069.629,197303.349,20.291,66.405,2.285,0.12,0.014,0.641,0.073,0.239,118.204,27798.058,5421242,536.049,27416.227,98.626,15.013,69.615,48.71,373.171,68834.914,0.007,25.952,0.062,0.069,0.333,1.845,61.442,6.357,78.355,4.552,10.72,24.401,1767.123,4500.989
CHN,China,Asia,2020,1.447,320.641,9.267,164.544,1.966,43.671,2.413,952.018,1.7,90.07,-7.873,0.086,-2.977,34.836,24.203,,60.748,0.589,56.56,133.743,22852.906,3217.632,15877.543,22475.08,15615.027,7611.836,129.64,4631.215,5044.957,253.425,1355.2,366.2,160.317,0.1,129.74,2212.54,261.1,466.5,7623.696,,28071.824,1.527,84.335,512.498,34075.189,23674.443,3505.088,66.175,,3.324,7.2,8.182,222.032,3305.8,176.072,2296.775,1940.143,1347.954,17.776,3.506,8.072,110.476,3261.558,941.553,2266.035,33.825,2578.74,1791.633,7.462,15.665,439.521,6329.287,4397.403,-0.156,-11.86,4.803,4.633,2.236,40.003,903.46,254.425,627.698,2.103,2.02,19.593,156.723,7916.455,111.384,5500.126,2265.163,1573.769,0.069,90.139,19.785,0.828,55.226,334.355,0.001,1.702,232.3,5296.721,1439323776,40404.443,1537.208,29.022,7.949,13.429,399.519,5425.827,3769.705,3.425,16.134,1.594,89.493,644.166,181.405,447.547,6.119,14.677,2.848,147.301,1150.912,324.111,799.62
IRN,Iran,Asia,2020,0,,3.879,93.647,-9.526,-174.78,0.474,15.768,0.007,0.286,,,,,,,0.178,0,0.618,0,20.667,7.114,246.054,,,332.053,0.024,0.597,307.5,213.159,21.952,5.866,93.744,0,0.024,22.618,0.244,0.398,335.984,,39785.35,1.095,97.898,35.431,3271.443,38949.022,3661.026,91.522,,63.443,4.322,69.756,96.567,2331.021,2537.825,27752.604,2507.862,29858.009,6.534,-27.17,1.563,-19.486,52.233,261.355,621.87,8.478,28.484,339.124,-21.869,2.102,-19.663,70.248,836.36,-1.184,-3.931,1.746,-1.654,0.467,-0.263,15.612,69.839,185.868,27.901,-6.233,27.524,-61.136,919.753,1116.088,10950.364,1660.025,19763.859,0,0.286,-0.367,0.002,0,0.06,0,0.007,0.718,4000.15,83992952,3341.689,269.285,6.732,-26.203,1.635,-19.4,54.637,650.492,0.073,12.362,0.024,0.087,0.791,2.905,9.418,0.118,-0.044,0.046,-0.001,1.553,4.738,18.486
MLT,Malta,Europe,2020,,,,,,,0,,0.472,22.648,,,,,,363,0,,,,,0,,,,2.54,0.01,0,1.9,1.84,0,0,0.06,0,0.01,0.22,0.21,0,2.12,,0,,,,,,4303.131,89.623,,86.792,,,,,4167.242,,,,0,,,,,0,,10.377,0.22,498.257,,,,,,16.535,0.42,0,,,,,0,,2.83,,,,,135.888,,,,0,22.648,,,,,0,0.472,,4801.388,441539,,498.257,10.377,,,,,,9.906,,,,,475.609,,0,,,,,0,
BIH,Bosnia and Herzegovina,Europe,2020,,,,,,,0,,0.059,3.048,,,,,,,69.045,,,,,3569.235,,,,12.91,0.01,11.71,11.78,0.02,4.91,0,0.05,0,0.01,5.18,0.03,0.23,16.96,,0,,,,,,3590.571,69.458,,0.118,,,,,6.096,,,,28.95,,,,,1496.579,,30.542,5.18,1578.876,,,,,,-31.371,-4.05,0,,,,,0,,0.295,,,,,15.24,,,,0,3.048,,,,,0,0.059,,5169.447,3280815,,1578.876,30.542,,,,,,0.177,,,,,9.144,,1.356,,,,,70.105,
SRB,Serbia,Europe,2020,2.028,1.625,0,,0,,0,,0.426,18.312,,,,,,,71.349,,,,,3063.851,,81.712,9352.018,36.58,0.16,26.77,27.44,0.67,9.01,0,0,0,0.16,10.08,0.01,0.9,37.52,,0,,,,,,3140.533,73.134,,1.786,,,,,76.682,,,,24.014,,,,,1031.203,,26.866,10.08,1153.665,,,,,,-2.57,-0.94,0,,,,,0,,0,,,,,0,,,,0,18.312,,,,,0,0.426,,4294.198,8737370,,1153.665,26.866,,,,,,0.027,,,,,1.145,,2.399,,,,,103.006,
MNE,Montenegro,Europe,2020,,,,,,,0,,0,0,,,,,,,49.226,,,,,2531.597,,,,3.4,0,1.59,1.59,0,1.34,0,0,0,0,1.64,0,0.3,3.23,,0,,,,,,2531.597,49.226,,0,,,,,0,,,,41.486,,,,,2133.547,,50.774,1.64,2611.207,,,,,,5,0.17,0,,,,,0,,0,,,,,0,,,,0,0,,,,,0,0,,5142.804,628062,,2611.207,50.774,,,,,,0,,,,,0,,9.288,,,,,477.66,
MNG,Mongolia,Asia,2020,-24.593,-74.345,,,0,,0,,0,0,,,,,,,92.304,,,,,1860.727,,227.961,69536.386,8.335,0,6.1,6.1,0,0.093,0,0,0,0,0.509,0.04,0.376,6.609,,0,,,,,,1860.727,92.304,,0,,,,,0,,,,1.403,,,,,28.286,,7.696,0.509,155.151,,,,,,20.715,1.727,0,,,,,0,,0,,,,,0,,,,0,0,,,,,0,0,,2015.878,3278292,,155.151,7.696,,,,,,0.605,,,,,12.201,,5.688,,,,,114.663,
TUN,Tunisia,Africa,2020,,,0,,-16.276,-3.738,0,,0,0,,,,,,,0,,,,,0,,,,19.344,0,0,18.708,18.708,0.065,0,0,0,0,0.739,0.174,0.5,19.447,,0,,,,,,1582.922,96.198,,96.198,,,,,1582.922,,,,0.336,,,,,5.529,,3.802,0.739,62.557,,,,,,-0.536,-0.104,0,,,,,0,,0,,,,,0,,19.228,1626.914,0,0,,,,,0,0,,1645.479,11818618,,62.557,3.802,,,,,,0.895,,,,,14.723,,2.571,,,,,42.306,
BOL,Bolivia,South America,2020,,,-3.617,-5.407,0,,0,,2.855,23.045,,,,,,,0,,,,,0,,,,9.421,0.269,0,5.921,5.921,2.915,0,0,0,0.269,3.5,0.252,0.064,9.421,,0,,,,,,507.235,62.85,,62.85,,,,,507.235,,144.097,12344.399,30.942,,,,,249.722,,37.15,3.5,299.821,,,,,,0,0,0,,,,,0,,0,,,,,0,,,,0,23.045,,,,,0,2.855,,807.056,11673029,,299.821,37.15,,,,,,2.673,,,,,21.573,,0.679,,,,,5.482,
URY,Uruguay,South America,2020,,,,,,,0,,20.181,783.238,,,,,,,0,,,,,0,,,,12.345,2.721,0,0.801,0.111,4.067,0,0.69,0,2.721,12.681,0.458,5.435,13.482,,0,,,,,,230.52,5.94,,0.822,,,,,31.898,,,,30.168,,,,,1170.825,,94.06,12.681,3650.471,,,,,,-9.205,-1.136,0,,,,,0,,5.118,,,,,198.622,,,,0,783.238,,,,,0,20.181,,3880.991,3473727,,3650.471,94.06,,,,,,3.396,,,,,131.813,,40.314,,,,,1564.595,
NGA,Nigeria,Africa,2020,0,,0.308,1.52,-14.113,-166.005,0,,0.07,0.129,,,,,,,0,,,,,0,,,,38.019,0.027,0,30.807,30.807,7.152,0,0,0,0.027,7.211,0.03,0.003,38.019,,0,,,,,,149.448,81.032,,81.032,,,,,149.448,,494.311,2397.945,18.811,,,,,34.694,,18.968,7.211,34.983,,,,,,0,0,0,,,,,0,,0,,,,,0,,1010.251,4900.81,0,0.129,,,,,0,0.07,,184.431,206139600,,34.983,18.968,,,,,,0.079,,,,,0.146,,0.008,,,,,0.015,
TJK,Tajikistan,Asia,2020,,,,,,,0,,0,0,,,,,,,0,,,,,0,,,,17.025,0,0,1.417,0,18.489,0,1.417,0,0,18.489,0,0,19.906,,0,,,,,,148.525,7.116,,0,,,,,0,,,,92.884,,,,,1938.562,,92.884,18.489,1938.562,,,,,,-16.922,-2.881,0,,,,,0,,7.116,,,,,148.525,,,,0,0,,,,,0,0,,2087.087,9537642,,1938.562,92.884,,,,,,0,,,,,0,,0,,,,,0,
CRI,Costa Rica,North America,2020,,,,,,,0,,1.294,29.362,,,,,,,0,,,,,0,,,,10.739,0.15,0,0.018,0,8.202,0,0.018,1.645,1.795,11.542,0.076,1.469,11.56,,0,,,,,,3.598,0.159,,0,,,,,0,,,,70.95,,,,,1610.073,,99.841,11.542,2265.706,,,,,,-7.651,-0.822,0,,,,,0,,0.159,,,,,3.598,,,,322.983,352.345,,,,,14.233,15.527,,2269.305,5094114,,2265.706,99.841,,,,,,0.656,,,,,14.893,,12.709,,,,,288.395,
AGO,Angola,Africa,2020,,,0,,-6.593,-52.962,0,,,,,,,,,,,,,,,,,,,,,,,,,,,,,,,,,,0,,,,,,,,,,,,,,,,,,,,,,,,,,,,,,,,,,,,,,,,,,,,,,,,,750.32,22829.495,,,,,,,,,,,32866270,,,,,,,,,,,,,,,,,,,,,,
BHR,Bahrain,Asia,2020,,,1.05,1.709,0,,0,,,,,,,,,,,,,,,,,,,,,,,,,,,,,,,,,,0,,,,,,,,,,,,,,,,164.368,96597.216,,,,,,,,,,,,,,,,,,,,,,,,,,,,,,,,,,,,,,,,,,,,1701583,,,,,,,,,,,,,,,,,,,,,,
BRN,Brunei,Asia,2020,,,-2.614,-3.393,-8.837,-6.065,0,,,,,,,,,,,,,,,,,,,,,,,,,,,,,,,,,,0,,,,,,,,,,,,,,,,126.408,288943.565,,,,,,,,,,,,,,,,,,,,,,,,,,,,,,,,62.565,143011.131,,,,,,,,,,,437483,,,,,,,,,,,,,,,,,,,,,,
TCD,Chad,Africa,2020,,,,,-0.218,-0.169,0,,,,,,,,,,,,,,,,,,,,,,,,,,,,,,,,,,0,,,,,,,,,,,,,,,,,,,,,,,,,,,,,,,,,,,,,,,,,,,,,,,,,77.326,4707.577,,,,,,,,,,,16425859,,,,,,,,,,,,,,,,,,,,,,
COG,Congo,Africa,2020,,,0,,-8.541,-17.112,0,,,,,,,,,,,,,,,,,,,,,,,,,,,,,,,,,,0,,,,,,,,,,,,,,,,,,,,,,,,,,,,,,,,,,,,,,,,,,,,,,,,,183.236,33206.433,,,,,,,,,,,5518092,,,,,,,,,,,,,,,,,,,,,,
GNQ,Equatorial Guinea,Africa,2020,,,,,1.281,1.102,0,,,,,,,,,,,,,,,,,,,,,,,,,,,,,,,,,,0,,,,,,,,,,,,,,,,,,,,,,,,,,,,,,,,,,,,,,,,,,,,,,,,,87.108,62087.698,,,,,,,,,,,1402985,,,,,,,,,,,,,,,,,,,,,,
GAB,Gabon,Africa,2020,,,0,,-4.712,-5.96,0,,,,,,,,,,,,,,,,,,,,,,,,,,,,,,,,,,0,,,,,,,,,,,,,,,,,,,,,,,,,,,,,,,,,,,,,,,,,,,,,,,,,120.535,54155.389,,,,,,,,,,,2225728,,,,,,,,,,,,,,,,,,,,,,
LBY,Libya,Africa,2020,,,-8.262,-11.983,-70.258,-502.879,0,,,,,,,,,,,,,,,,,,,,,,,,,,,,,,,,,,0,,,,,,,,,,,,,,,,133.06,19364.633,,,,,,,,,,,,,,,,,,,,,,,,,,,,,,,,212.879,30980.93,,,,,,,,,,,6871287,,,,,,,,,,,,,,,,,,,,,,
MMR,Myanmar,Asia,2020,0,,-4.343,-8.026,0,,0,,,,,,,,,,,,,,,,,,,,,,,,,,,,,,,,,,0,,,,,,,,,,,,,,,,176.793,3249.284,,,,,,,,,,,,,,,,,,,,,,,,,,,,,,,,,,,,,,,,,,,,54409792,,,,,,,,,,,,,,,,,,,,,,
SSD,South Sudan,Africa,2020,,,,,-0.898,-0.883,0,,,,,,,,,,,,,,,,,,,,,,,,,,,,,,,,,,0,,,,,,,,,,,,,,,,,,,,,,,,,,,,,,,,,,,,,,,,,,,,,,,,,97.373,8698.922,,,,,,,,,,,11193729,,,,,,,,,,,,,,,,,,,,,,
SDN,Sudan,Africa,2020,,,,,-11.953,-6.678,0,,,,,,,,,,,,,,,,,,,,,,,,,,,,,,,,,,0,,,,,,,,,,,,,,,,,,,,,,,,,,,,,,,,,,,,,,,,,,,,,,,,,49.192,1121.835,,,,,,,,,,,43849268,,,,,,,,,,,,,,,,,,,,,,
SYR,Syria,Africa,2020,,,-9.861,-3.281,30.027,5.275,0,,,,,,,,,,,,,,,,,,,,,,,,,,,,,,,,,,0,,,,,,,,,,,,,,,,29.989,1713.618,,,,,,,,,,,,,,,,,,,,,,,,,,,,,,,,22.843,1305.289,,,,,,,,,,,17500656,,,,,,,,,,,,,,,,,,,,,,
YEM,Yemen,Asia,2020,,,1.283,0.013,0.215,0.102,0,,,,,,,,,,,,,,,,,,,,,,,,,,,,,,,,,,,,,,,,,,,,,,,,,,1.015,34.034,,,,,,,,,,,,,,,,,,,,,,,,,,,,,,,,47.496,1592.427,,,,,,,,,,,29825968,,,,,,,,,,,,,,,,,,,,,,
LTU,Lithuania,Europe,2020,,,,,,,-0.616,-0.428,12.352,191.016,,,,,,134,0,-21.68,2.618,-0.501,1.808,0,664.165,,,12.12,0.52,0,1.77,1.64,0.25,0,0.13,0,0.52,2.44,0.09,1.58,4.21,,25365.039,-1.411,88.843,-0.878,61.347,22534.995,650.188,42.043,,38.955,9.426,34.185,2.033,23.605,602.434,8670.954,,,5.938,-13.433,1.072,-0.115,0.74,91.834,271.976,57.957,2.44,896.304,3.441,9.159,0.21,6.324,2323.188,65.264,7.91,0,,0,0,0,0,0,3.088,-6.287,52.04,-2.411,35.934,47.754,13199.876,,,0,191.016,14.263,2.185,0.188,1.509,0,12.352,554.179,1546.492,2722291,69.051,896.304,57.957,3.441,9.159,0.21,6.324,2323.188,2.138,-1.817,0.321,-0.004,0.221,33.06,81.36,37.53,3.799,5.581,0.141,3.854,580.393,1415.673
SAU,Saudi Arabia,Asia,2020,,,0.855,9.501,-6.645,-430.09,-1.126,-33.408,,,,,,,,,0,0,0.043,0,1.248,0,35.834,,,,,0,339.874,207.033,0,0,132.841,,0,1.038,1.038,0,340.912,,84261.772,-1.127,99.913,-33.399,2930.92,84188.284,9762.596,99.696,,60.729,0.855,38.214,9.501,1121.001,5946.85,32199.854,1121.001,32199.829,0,,0,0,0,0,0,0.304,1.038,29.814,-0.367,0.087,-0.009,2.561,73.556,,,0,,0,0,0,0,0,38.966,-2.317,61.656,-42.899,1808.669,3815.746,51952.596,6042.749,173573.047,,0,,0,0,0,,0,0,9792.41,34813868,2933.478,29.814,0.304,-0.367,0.087,-0.009,2.561,73.556,0.304,-0.367,0.087,-0.009,2.561,29.814,73.556,0,,0,0,0,0,0
PAK,Pakistan,Asia,2020,14.283,5.055,-6.349,-20.753,0,,-1.156,-11.289,1.84,12.113,,,,,,,20.157,11.331,17.89,17.571,172.645,132.732,781.582,40.448,183.11,145.994,2.676,29.319,81.35,17.517,47.296,9.909,34.514,0,2.676,54.193,1.03,3.191,145.452,,4368.891,-2.376,86.022,-20.202,830.162,3758.222,368.281,55.929,,12.043,-7.262,42.726,-32.29,412.328,79.303,1866.649,306.109,1385.785,32.517,10.566,10.299,9.498,99.394,214.114,449.966,44.071,64.102,290.195,7.075,13.978,8.913,134.893,610.673,0.371,0.541,6.813,1.39,2.389,0.316,23.054,44.859,104.369,23.728,-2.187,25.407,-5.483,245.188,156.246,1109.99,,,0,12.113,2.248,0.162,0.034,1.565,0,1.84,7.084,658.476,220892336,965.055,245.336,37.258,8.327,11.589,8.597,111.839,506.304,0.708,2.978,0.429,0.12,4.139,4.664,18.739,2.194,-13.536,0.698,-1.055,6.741,14.444,30.515
HUN,Hungary,Europe,2020,-10.545,-1.218,0,,0,,-1.198,-3.262,6.661,234.981,,,,,,219,11.033,-6.396,7.433,-1.366,19.986,389.22,2068.835,10.336,1069.929,45.76,2.27,3.76,13.1,9.03,0.24,16.08,0.31,0.02,2.29,4.9,1.71,0.66,34.08,,27833.522,-2.292,79.171,-4.994,212.876,22036.016,1356.059,38.439,,26.496,3.393,37.853,3.34,101.78,934.749,10535.859,,,0.704,11.006,0.224,0.06,0.602,24.844,62.314,61.561,20.98,2171.764,1.799,19.664,0.934,52.873,5473.186,25.524,11.68,47.183,-1.786,14.732,-0.721,39.612,1664.536,4100.484,0.91,-7.105,33.885,-6.969,91.11,32.09,9431.322,,,2.07,237.051,-5.922,1.942,-0.329,5.223,0.059,6.719,540.653,3527.822,9660350,268.882,507.228,14.378,14.258,4.932,1.655,13.261,1372.702,5.018,57.802,2.176,2.143,5.85,177.012,605.521,1.937,-12.121,0.59,-0.219,1.586,68.321,164.213
KAZ,Kazakhstan,Asia,2020,-1.424,-8.195,-6.904,-23.501,-5.416,-57.351,-1.383,-12.103,0.003,0.154,,,,,,,69.686,-1.569,52.662,-7.243,454.369,3844.841,24198.574,567.359,30216.118,98.955,0.003,72.193,92.173,19.224,9.403,0,0.756,0,0.003,11.425,1.077,0.941,103.597,,45950.324,-2.118,96.137,-17.952,829.469,44175.397,4908.88,88.972,,18.556,-4.541,19.259,-7.905,166.165,1023.796,8849.555,316.919,16878.279,9.077,-2.338,2.801,-0.579,24.168,500.806,1287.116,11.028,11.425,608.46,21.286,3.863,5.849,33.328,1774.963,-4.692,-4.643,0,,0,0,0,0,0,0.729,-1.324,24.216,-2.804,208.933,40.244,11127.268,1001.49,53336.808,0,0.154,5.482,0.002,0.001,0.013,0,0.003,0.712,5517.34,18776708,862.796,608.46,11.028,21.286,3.863,5.849,33.328,1774.963,1.04,555.025,0.735,5.377,6.346,57.374,337.948,0.909,59.978,0.325,1.05,2.801,50.126,149.187
OMN,Oman,Asia,2020,,,0.655,2.402,-2.572,-14.155,-1.495,-5.775,,,,,,,,,,91.178,0.991,1.798,3.77,,738.336,,,,,,,,0,0,,,0,0.206,0.206,0,38.857,,74513.602,-1.616,99.866,-6.242,380.005,74414.108,,,,,3.64,68.083,9.098,259.063,,50730.883,369.304,72318.658,0,,0,0,0,0,0,0.53,0.206,40.352,1140.119,0.134,0.467,0.508,99.553,,,0,,0,0,0,0,0,,-12.76,30.793,-17.138,117.171,,22944.89,536.272,105014.927,,0,,0,0,0,,0,0,7609.2,5106622,380.513,40.352,0.53,1140.119,0.134,0.467,0.508,99.553,0.53,1140.119,0.134,0.467,0.508,40.352,99.553,0,,0,0,0,0,0
TKM,Turkmenistan,Asia,2020,,,-6.652,-42.018,-15.202,-21.551,-1.618,-6.411,,,,,,,,,,,0,0,0,,0,,,,,,,,0.003,0,,,0,0.01,0.007,0,26.606,,64639.236,-1.618,99.994,-6.411,389.827,64635.15,,,,,-0.738,80.287,-2.326,313,,51896.957,589.614,97760.865,0.012,-0.356,0.002,0,0.008,0.523,1.29,0.038,0.01,1.677,-0.333,0.006,0,0.025,4.136,,,0,,0,0,0,0,0,,-5.048,19.707,-4.085,76.826,,12738.193,120.218,19932.768,,0,,0,0,0,,0,0,4411.41,6031187,389.851,1.677,0.038,-0.333,0.006,0,0.025,4.136,0.026,-0.323,0.004,0,0.017,1.154,2.846,0,,0,0,0,0,0
TWN,Taiwan,Asia,2020,,,,,,,-1.697,-23.106,1.437,159.341,,,,,,,44.188,-2.198,33.916,-10.202,453.957,4900.872,19060.398,,,264.151,3.795,116.723,218.681,93.952,2.639,30.269,8.007,0,3.795,15.2,6.529,2.238,264.151,,56199.237,-1.625,91.716,-20.281,1227.612,51544.007,9181.822,82.787,,35.567,6.985,18.592,16.246,248.845,3944.775,10448.3,,,0.999,-45.699,0.557,-6.274,7.456,110.803,313.042,17.213,45.469,1909.134,-2.493,8.254,-2.825,110.476,4638.563,0,0,11.459,-3.09,5.795,-2.473,77.567,1270.924,3256.819,3.031,-4.777,39.209,-26.326,524.81,336.174,22035.31,,,0,159.341,-2.32,0.358,-0.114,4.791,0,1.437,201.148,11090.956,23816776,1338.485,638.21,5.754,-1.058,2.459,-0.352,32.909,1381.744,2.472,51.044,1.122,5.074,15.014,274.114,630.413,0.847,20.539,0.422,0.962,5.648,93.952,237.142
VNM,Vietnam,Asia,2020,4.808,14.526,-11.571,-11.401,-12.395,-16.495,-1.857,-21.486,0.047,1.294,,,,,,,52.943,1.66,51.396,9.532,583.776,1453.215,5997.382,316.632,3252.895,268.183,0.126,141.454,184.391,41.828,68.215,0,1.109,0,0.126,82.789,13.475,0.973,267.18,,11668.892,-3.784,82.967,-37.062,942.366,9681.315,1894.324,69.014,,15.655,-11.571,7.671,-11.401,87.126,429.712,895.082,87.126,895.082,25.532,1.461,14.98,2.449,170.145,700.805,1747.97,30.986,82.789,850.526,8.756,17.033,15.576,193.469,1987.586,0.374,1.003,0,,0,0,0,0,0,0.415,-11.476,23.9,-35.193,271.463,11.397,2788.85,116.578,1197.654,0,1.294,-7.143,0,0,0.001,0,0.047,0.01,2744.85,97338584,1135.833,850.526,30.986,8.756,17.033,15.576,193.469,1987.586,5.043,128.748,2.053,13.126,23.321,138.432,239.587,0.364,60.557,0,0.001,0.002,9.994,0.02
SWE,Sweden,Europe,2020,,,,,,,-1.891,-11.773,6.602,1073.345,-9.327,2.528,-1.589,15.444,1529.225,10,0.128,-9.027,3.403,-2.063,20.79,20.794,2058.578,,,139.2,10.84,0.21,3.35,0.29,72.93,49.18,2.85,0,10.84,111.67,0.68,27.22,164.2,,60494.342,-7.412,29.916,-14.631,182.772,18097.575,331.707,2.04,,0.177,3.691,1.731,0.377,10.578,28.715,1047.435,,,44.415,12.065,29.617,19.48,180.947,7221.314,17916.861,97.96,160.85,15926.894,0.672,70.084,2.858,428.177,42396.816,-17.96,-25,29.951,-18.898,21.738,-30.946,132.807,4869.659,13150.137,1.736,-7.876,24.782,-12.945,151.404,282.199,14991.563,,,0,1073.345,-15.994,4.438,-5.163,27.117,0,6.602,2685.043,16258.601,10099270,610.949,11057.235,68.009,12.923,48.346,33.803,295.37,29246.679,0.414,58.755,0.427,0.965,2.606,67.332,258.072,16.577,40.919,11.336,20.11,69.256,2695.244,6857.477
UZB,Uzbekistan,Asia,2020,2.103,0.282,-17.838,-102.201,-23.95,-7.844,-2.509,-13.387,,,,,,,,,,32.762,5.337,6.852,27.764,,829.552,13.709,409.587,,,,,,6.807,0,,,0,6.822,0.016,0,64.961,,15542.044,-2.733,96.764,-14.141,503.348,15039.15,,,,,-3.15,82.728,-13.996,430.336,,12857.678,470.733,14064.649,10.479,4.699,3.228,0.754,16.794,203.38,501.764,10.502,6.822,203.844,4.687,3.236,0.754,16.832,502.907,,,0,,0,0,0,0,0,,-13.392,8.698,-6.997,45.248,,1351.921,24.909,744.24,,0,,0,0,0,,0,0,1940.919,33469200,520.18,203.844,10.502,4.687,3.236,0.754,16.832,502.907,0.024,-0.368,0.007,0,0.038,0.463,1.143,0,,0,0,0,0,0
FIN,Finland,Europe,2020,,,,,,,-2.573,-8.042,16.301,1999.741,4.115,1.522,0.183,4.635,836.494,62,4.002,-10.204,12.106,-4.189,36.865,490.911,6653.542,,,82.92,11.08,2.72,9.86,3.97,15.72,23.29,3.17,0,11.08,34.82,0.29,7.73,67.97,,54961.547,-8.799,50.806,-14.928,154.719,27923.928,1779.553,14.506,,5.841,-3.855,6.428,-0.785,19.576,716.514,3533.139,,,23.128,27.058,12.773,8.283,38.896,2837.177,7019.993,85.494,58.11,10487.81,4.818,49.194,6.886,149.808,27037.662,18.029,14.95,34.265,-2.789,19.067,-1.666,58.063,4203.426,10479.341,4.664,-9.196,32.272,-9.953,98.277,572.128,17737.248,,,0,1999.741,-15.222,9.101,-4.976,27.715,0,16.301,5002.036,12267.363,5540718,304.526,6284.384,51.228,10.28,30.127,8.552,91.745,16558.322,0.427,73.51,0.209,0.27,0.638,52.34,115.141,11.373,31.796,6.522,4.792,19.862,1395.126,3584.658
BGD,Bangladesh,Asia,2020,0,,-2.257,-5.706,0,,-2.913,-13.266,0.004,0.018,,,,,,,5.501,11.4,9.712,4.394,42.939,26.86,260.728,,,79.951,0.003,4.424,79.285,56.552,0.698,0,18.309,0,0.003,1.124,0.417,0.006,80.408,,2684.575,-2.898,99.374,-13.11,439.354,2667.776,481.418,98.603,,70.331,-1.615,68.838,-4.996,304.348,343.386,1848.011,247.138,1500.634,0.868,-15.186,0.391,-0.31,1.729,4.236,10.496,1.397,1.124,6.823,-5.323,0.626,-0.156,2.767,16.802,-0.572,-0.457,0,,0,0,0,0,0,22.77,-11.961,20.824,-12.508,92.067,111.172,559.037,,,0,0.018,5.469,0.002,0,0.008,0,0.004,0.046,488.241,164689392,442.121,6.823,1.397,-5.323,0.626,-0.156,2.767,16.802,0.519,17.764,0.23,0.154,1.018,2.533,6.184,0.007,-0.442,0.003,0,0.013,0.036,0.076
UKR,Ukraine,Europe,2020,-7.706,-12.503,-2.2,-4.268,0,,-3.084,-29.289,0.213,6.517,,,,,,,28.277,-8.622,29.691,-25.79,273.313,863.163,6249.485,149.733,3423.749,130.754,0.285,37.749,50.299,10.611,7.112,69.873,1.939,0,0.285,13.325,0.998,4.93,133.497,,21048.438,-3.062,75.199,-21.868,692.23,15828.284,1150.122,37.678,,7.948,3.679,31.872,10.411,293.387,242.624,6708.494,189.746,4338.661,5.328,-3.977,1.681,-0.641,15.475,162.63,353.845,62.322,83.198,1902.366,-3.103,24.708,-7.283,227.445,5200.682,-2.098,-2.743,52.34,-8.53,20.423,-17.532,188.001,1597.679,4298.759,1.452,-4.915,13.637,-6.489,125.529,44.335,2870.304,,,0,6.517,8.312,0.096,0.068,0.883,0,0.213,20.188,3052.488,43733756,920.527,304.686,9.982,35.103,4.285,10.249,39.444,901.923,0.748,110.141,1.658,7.999,15.261,22.82,348.952,3.693,56.436,0.85,2.823,7.826,112.72,178.938
SGP,Singapore,Asia,2020,,,,,,,-3.167,-31.031,2.444,208.761,,,,,,,0,2.592,0.576,0.138,5.463,0,933.844,,,49.976,1.221,0,48.323,33.845,0,0,14.479,0,1.221,1.652,0.431,0,49.976,,162191.999,-3.178,99.747,-31.071,946.475,161781.175,8259.915,96.694,,67.722,0.395,13.277,0.496,125.984,5785.094,21534.414,,,0,,0,0,0,0,0,3.306,1.652,282.437,1.679,0.253,0.04,2.404,410.955,0,0,0,,0,0,0,0,0,28.971,-3.744,85.894,-31.705,815.028,2474.822,139312.917,,,0,208.761,-10.966,0.177,-0.206,1.676,0,2.444,286.506,8542.352,5850343,948.879,282.437,3.306,1.679,0.253,0.04,2.404,410.955,0.862,51.077,0.077,0.246,0.728,73.675,124.449,0,,0,0,0,0,0
ROU,Romania,Europe,2020,-30.715,-14.031,-9.526,-9.166,-3.056,-1.268,-3.253,-12.432,1.036,30.149,,,,,,236,16.765,-26.772,11.443,-15.469,42.312,488.105,2199.428,31.651,1645.237,58.8,0.58,9.39,19.91,9.81,15.28,11.5,0.71,0,0.58,24.6,1.76,6.98,56.01,,19220.151,-4.049,74.981,-11.698,277.245,14411.553,1034.948,35.547,,17.515,5.369,30.608,5.766,113.174,509.937,5882.959,87.059,4525.463,27.281,-3.523,10.067,-1.359,37.222,794.274,1934.87,64.453,36.1,1876.525,-0.727,23.878,-0.646,88.29,4589.407,4.745,2.79,20.532,1.276,7.651,0.356,28.288,597.785,1470.449,1.268,-1.612,32.93,-1.995,121.758,36.907,6329.167,40.217,2090.509,0,30.149,13.649,0.384,0.17,1.419,0,1.036,73.749,2911.473,19237682,369.751,1278.74,43.921,-1.644,16.228,-1.003,60.002,3118.959,3.142,-4.57,1.136,-0.201,4.202,91.487,218.4,12.462,2.31,4.641,0.387,17.159,362.83,891.939
BRA,Brazil,South America,2020,4.18,1.051,-7.062,-18.183,5.582,97.883,-3.328,-114.829,9.037,257.535,-0.106,7.804,-0.277,260.305,1224.622,,3.598,-10.67,4.822,-19.21,160.825,102.532,756.61,26.195,123.237,630.683,54.742,21.794,82.366,52.24,391.199,13.15,8.332,0,54.742,510.211,7.593,56.678,605.727,,15692.344,-5.97,52.815,-111.857,1761.672,8287.902,387.495,13.598,,8.624,-10.117,9.629,-36.152,321.182,245.766,1511.022,239.282,1125.717,64.583,-0.637,29.349,-6.28,978.95,1840.42,4605.538,86.402,523.361,2462.187,-0.188,47.185,-2.972,1573.886,7404.454,3.957,24.956,2.171,-5.513,1.131,-2.202,37.737,61.864,177.534,1.375,-4.228,38.364,-56.496,1279.664,39.197,6020.27,1851.39,8709.988,0,257.535,0.444,4.095,0.604,136.6,0,9.037,642.643,2849.682,212559408,3335.555,2400.323,84.231,-0.05,46.054,-0.77,1536.15,7226.92,1.254,19.158,0.589,3.157,19.635,35.723,92.374,9.357,1.462,4.217,2.027,140.66,266.644,661.742
TUR,Turkey,Europe,2020,-17.834,-35.984,0,,0,,-3.338,-60.326,1.451,52.408,,,,,,,34.327,-5.494,26.371,-26.783,460.743,1239.876,5462.988,165.789,1965.739,304.03,4.42,104.57,176.52,70.49,78.06,0,1.46,10.02,14.44,128.11,10.89,24.72,304.63,,20715.625,-3.244,81.875,-47.961,1430.472,16960.965,2092.98,57.946,,23.14,6.93,26.539,30.051,463.665,835.793,5497.63,,,25.625,-12.436,11.023,-27.353,192.592,925.55,2283.544,42.054,128.11,1518.988,-3.586,18.058,-11.736,315.505,3740.906,-0.197,-0.6,0,,0,0,0,0,0,0.479,-9.192,28.965,-51.228,506.063,17.311,6000.347,,,118.806,171.214,14.75,2.009,4.511,35.092,3.289,4.74,416.085,3611.968,84339072,1747.137,1518.988,42.054,-3.586,18.058,-11.736,315.505,3740.906,3.575,16.704,1.53,3.826,26.73,129.122,316.94,8.115,13.529,3.497,7.28,61.09,293.103,724.338
HRV,Croatia,Europe,2020,,,,,,,-3.461,-3.254,7.298,228.974,,,,,,157,9.627,-17.134,4.474,-0.84,4.06,302.051,989.075,,,17.52,0.94,1.24,4.68,3.41,5.36,0,0.03,0.11,1.05,8.2,0.08,1.71,12.88,,22105.103,-5.024,75.988,-3.648,68.957,16797.307,1139.999,36.335,,26.475,3.644,31.958,1.02,29.001,830.64,7064.377,,,41.615,-3.086,15.407,-0.445,13.982,1305.639,3405.755,63.665,8.2,1997.434,2.083,23.25,0.431,21.099,5139.498,26.484,4.64,0,,0,0,0,0,0,0.233,-9.636,39.556,-3.828,35.896,7.308,8743.855,,,26.795,255.769,9.724,2.905,0.234,2.636,0.854,8.152,642.18,3137.432,4105268,90.747,1997.434,63.665,2.083,23.25,0.431,21.099,5139.498,0.621,0.783,0.229,0.002,0.207,19.487,50.517,13.276,17.626,4.71,0.64,4.274,416.538,1041.046
KOR,South Korea,Asia,2020,-5.996,-0.358,,,,,-3.758,-127.851,0.333,34.826,-0.657,0.247,-0.053,8.084,157.678,,35.746,-11.928,25.697,-113.959,841.407,3738.415,16411.572,5.606,109.335,536.193,1.786,191.666,352.706,142.493,3.982,153.139,18.547,3.965,5.75,30.349,17.674,2.942,536.193,,63865.188,-6.107,84.6,-180.162,2770.071,54029.941,6879.485,65.78,,26.575,1.096,17.301,6.141,566.479,2779.307,11049.127,,,0.743,38.551,0.292,2.662,9.567,77.676,186.612,34.22,183.488,3578.912,11.575,15.4,52.311,504.248,9835.298,0,0,28.56,9.38,12.069,33.889,395.193,2986.958,7708.194,3.459,-5.043,41.602,-72.344,1362.182,361.762,26569.242,,,77.33,112.156,16.332,1.307,6.006,42.781,0.739,1.072,834.429,10458.397,51269184,3274.316,591.954,5.66,20.326,3.331,18.422,109.055,2127.104,3.296,27.023,1.248,8.696,40.877,344.734,797.304,0.549,16.755,0.237,1.112,7.746,57.388,151.08
NLD,Netherlands,Europe,2020,,,-28.272,-78.722,0,,-3.986,-38.895,7.048,504.818,31.617,1.215,2.735,11.385,664.419,320,6.51,-33.185,5.325,-24.778,49.889,466.3,2911.543,,,120.07,8.65,7.99,85.94,72.36,0.03,4.07,5.59,0,8.65,32.72,8.71,15.33,122.73,,54673.362,-7.193,89.268,-64.813,836.283,48805.888,5015.502,70.024,,58.959,-1.246,39.024,-4.611,365.583,4222.967,21335.647,199.722,11655.891,0.024,-37.724,0.012,-0.069,0.114,1.751,6.676,29.976,36.79,2147.083,34.732,10.732,25.918,100.539,5867.517,-2.215,-2.66,3.316,4.076,1.076,0.395,10.076,237.527,588.039,4.555,-7.764,44.919,-35.424,420.81,326.235,24558.698,,,0,504.818,48.776,2.286,7.022,21.42,0,7.048,1250.059,7162.585,17134874,936.821,1909.556,26.66,39.302,9.656,25.523,90.463,5279.478,7.097,50.42,2.122,6.662,19.875,508.32,1159.935,12.491,32.19,4.021,9.173,37.669,894.667,2198.389
AZE,Azerbaijan,Asia,2020,,,6.272,15.253,-7.619,-33.665,-4.073,-7.335,0.603,15.32,,,,,,,0,0,0.004,0,0.007,0,0.707,,,24.424,0.155,0,23.894,12.514,1.549,0,11.38,0,0.155,1.884,0.044,0.135,25.778,,17037.319,-3.46,98.131,-6.075,169.516,16718.936,2356.63,92.693,,48.547,0.886,68.851,1.044,118.937,1234.265,11730.436,258.435,25488.806,6.01,-31.999,1.525,-1.24,2.635,152.808,259.872,7.307,1.884,185.783,-28.065,1.869,-1.26,3.228,318.396,-5.544,-1.354,0,,0,0,0,0,0,44.146,-12.341,29.276,-7.12,50.572,1122.364,4987.793,408.21,40260.651,0,15.32,-0.094,0.14,0,0.242,0,0.603,23.899,2542.412,10139175,172.744,185.783,7.307,-28.065,1.869,-1.26,3.228,318.396,0.171,6.395,0.067,0.007,0.116,4.34,11.485,0.524,-10.104,0.136,-0.026,0.235,13.315,23.14
CHL,Chile,South America,2020,,,,,,,-4.614,-21.589,5.521,227.66,,,,,,,22.209,-4.151,18.701,-3.615,83.47,915.809,4366.447,,,78.829,4.352,17.507,40.477,11.26,20.484,0,11.71,0.246,4.598,38.352,7.466,5.803,78.829,,23348.403,-7.228,75.548,-26.273,337.197,17639.347,2117.41,51.348,,14.285,-6.004,13.716,-3.911,61.22,589.048,3202.523,,,25.986,-4.006,11.418,-2.127,50.964,1071.562,2666.018,48.652,38.352,2006.242,4.484,24.452,4.683,109.136,5709.074,0,0,0,,0,0,0,0,0,14.855,-8.874,43.131,-18.747,192.507,612.552,10070.378,,,12.881,240.541,7.897,5.715,1.867,25.506,0.312,5.833,1334.263,4123.652,19116208,446.333,2006.242,48.652,4.484,24.452,4.683,109.136,5709.074,9.471,20.422,4.209,3.186,18.787,390.561,982.765,7.362,14.497,3.11,1.757,13.879,303.578,726.028
SVK,Slovakia,Europe,2020,,,,,,,-4.933,-8.98,,,,,,,,,,-26.677,13.316,-8.384,23.044,,4220.746,,,,,,,,,,,,,,,,,,31696.583,-6.944,67.737,-8.747,117.221,21470.448,,,,,4.76,28.769,2.262,49.785,,9118.716,,,,2.896,6.414,0.312,11.099,,2032.868,,,,-0.226,31.303,-0.123,54.171,9922.072,,,,-1.177,21.61,-0.445,37.396,,6849.597,,-5.584,25.653,-2.625,44.392,,8130.986,,,,,-3.568,2.336,-0.15,4.043,,,740.459,,5459643,173.052,,,1.961,9.693,0.323,16.775,3072.475,,10.966,0.935,0.16,1.618,,296.436,,-0.374,0.009,0,0.015,,2.712
POL,Poland,Europe,2020,-9.842,-51.062,-1.442,-0.575,0,,-5.245,-61.704,4.885,203.453,-5.431,0.97,-0.621,10.814,285.726,720,69.253,-10.146,41.6,-52.363,463.716,2884.539,12252.51,467.759,12359.332,170.91,7.7,109.17,130.18,16.66,2.05,0,4.35,0,7.7,27.46,1.96,15.75,157.64,,29453.211,-6.031,92.893,-66.463,1035.48,27359.926,3439.675,82.581,,10.568,3.2,19.339,6.684,215.572,440.198,5695.95,39.277,1037.797,1.3,7.842,0.468,0.379,5.218,54.166,137.871,17.419,27.46,725.56,6.391,7.107,4.759,79.225,2093.308,7.764,13.27,0,,0,0,0,0,0,2.759,-5.514,31.954,-20.785,356.192,114.938,9411.466,,,0,203.453,2.421,1.748,0.461,19.485,0,4.885,514.85,4165.235,37846604,1114.704,725.56,17.419,6.391,7.107,4.759,79.225,2093.308,1.243,178.988,0.44,3.15,4.91,51.788,129.723,9.991,3.717,3.481,1.39,38.798,416.154,1025.137
AUS,Australia,Oceania,2020,-5.964,-218.869,-0.442,-6.33,2.031,4.551,-5.249,-85.699,1.369,134.987,2.654,0.104,0.041,1.603,62.86,,53.75,-3.735,30.326,-18.201,469.095,5298.038,18395.968,3451.009,135334.32,251.348,3.442,135.099,188.844,48.133,16.113,0,5.613,0.001,3.443,62.504,18.639,24.309,251.348,,60660.293,-7.199,89.626,-107.551,1386.359,54367.279,7405.697,75.133,,19.15,-2.833,26.44,-11.924,408.986,1887.559,16038.754,1425.16,55888.896,6.411,2.603,2.318,0.91,35.859,631.881,1406.232,24.867,62.504,2451.133,15.763,10.374,21.851,160.472,6293.062,0,0,0,,0,0,0,0,0,2.233,-13.219,32.859,-77.426,508.277,220.101,19932.558,228.627,8965.814,0.039,135.027,-2.014,0.544,-0.173,8.414,0,1.37,329.96,9856.83,25499880,1546.83,2451.133,24.867,15.763,10.374,21.851,160.472,6293.062,7.416,29.831,3.803,13.515,58.823,730.938,2306.786,9.671,15.675,3.606,7.558,55.774,953.288,2187.225
RUS,Russia,Europe,2020,-9.346,-239.596,-5.972,-405.551,-8.543,-569.691,-5.289,-439.242,0.323,22.702,,,,,,,15.117,-8.209,11.563,-81.332,909.428,1062.123,6231.763,2324.005,15924.994,1015.034,3.313,155,606.588,442.023,209.545,202.443,9.565,0.417,3.73,216.292,1.675,1.343,1025.324,,53895.194,-6.872,86.43,-501.605,6797.903,46581.893,4156.581,59.161,,43.111,-7.41,52.305,-329.236,4113.892,3028.915,28190.022,6384.897,43751.819,20.437,8.891,6.664,42.793,524.111,1435.884,3591.415,40.839,418.735,2869.339,6.194,13.547,62.145,1065.466,7300.993,-1.014,-10.289,19.744,2.936,6.773,15.193,532.687,1387.219,3650.179,0.933,-4.88,22.562,-91.038,1774.577,65.542,12160.108,6098.821,41791.511,2.857,25.559,-1.853,0.016,-0.024,1.267,0.041,0.364,8.679,7025.92,145934448,7865.165,1482.12,21.095,9.664,6.774,46.952,532.779,3650.814,0.163,88.346,0.058,2.155,4.594,11.475,31.481,0.131,260.166,0.036,2.028,2.808,9.202,19.239
SVN,Slovenia,Europe,2020,,,,,,,-5.458,-4.303,,,,,,,,,,-0.799,16.231,-0.097,12.097,,5818.913,,,,,,,,,,,,,,,,,,35850.297,-13.087,59.273,-6.652,44.176,21249.385,,,,,-0.181,11.474,-0.016,8.552,,4113.466,,,,9.434,16.287,1.046,12.138,,5838.767,,,,8.268,39.087,2.225,29.131,14012.714,,,,8.73,21.029,1.258,15.673,,7538.993,,-21.748,31.567,-6.539,23.527,,11317.005,,,,,-6.294,0.798,-0.04,0.595,,,285.968,,2078931,74.53,,,7.736,18.058,0.966,13.458,6473.721,,-5.354,0.953,-0.04,0.71,,341.624,,0.547,0.021,0,0.015,,7.362
EGY,Egypt,Africa,2020,,,-9.968,-64.733,-5.69,-21.052,-5.569,-59.743,,,,,,,,,0,-61.969,0.861,-14.216,8.725,0,85.257,,,,,0,175.786,150.011,13.139,0,25.775,,0,22.824,2.909,6.776,198.61,,9899.44,-6.573,94.442,-67.315,956.745,9349.199,1717.763,88.508,,75.53,-1.936,57.059,-11.413,578.041,1465.893,5648.555,584.654,5713.174,6.615,-0.93,3.2,-0.304,32.416,128.393,316.762,11.492,22.824,223.033,15.535,5.558,7.571,56.309,550.248,,,0,,0,0,0,0,0,12.978,-10.126,36.521,-41.686,369.978,251.871,3615.387,348.921,3409.616,,0,,0,0,0,,0,0,1940.796,102334408,1013.053,223.033,11.492,15.535,5.558,7.571,56.309,550.248,1.464,51.178,0.708,2.429,7.176,28.422,70.119,3.412,48.323,1.65,5.447,16.718,66.218,163.367
IND,India,Asia,2020,0.685,23.954,-11.691,-31.454,-6.565,-28.723,-5.629,-529.886,1.071,10.415,3.44,0.274,0.809,24.333,17.632,,70.563,-5.705,54.83,-294.712,4871.306,686.181,3529.924,3522.966,2552.866,1344.921,14.373,946.932,999.177,52.112,163.514,44.548,0.133,1.211,15.584,298.242,58.729,60.415,1341.967,,6437.936,-6.559,89.744,-559.704,7973.217,5777.675,724.039,74.456,,3.883,0.592,6.708,3.505,596.008,37.762,431.889,237.606,172.177,12.185,0.632,4.544,2.535,403.72,118.488,292.55,25.544,342.79,248.398,3.383,10.256,29.817,911.17,660.266,0.22,2.954,3.32,-1.58,1.239,-1.767,110.066,32.281,79.758,0.01,-9.678,28.206,-268.497,2505.896,0.096,1815.862,408.768,296.207,0.878,11.293,7.797,0.891,5.728,79.19,0.09,1.161,57.384,972.437,1380004352,8884.38,216.116,22.224,4.104,9.017,31.584,801.104,580.508,4.376,26.369,1.63,30.21,144.779,42.557,104.912,4.502,-4.91,1.678,-7.698,149.082,43.779,108.03
CAN,Canada,North America,2020,-21.803,-68.967,-2.243,-37.91,-4.28,-131.132,-5.688,-228.348,1.599,266.265,-12.959,0.593,-3.344,22.463,595.17,,7.093,-21.971,3.634,-38.735,137.568,1180.87,3644.959,247.358,6553.901,579.678,10.049,44.569,104.559,56.216,382.353,93.237,3.774,0.127,10.176,430.52,4.387,33.604,628.316,,100309.524,-8.771,64.646,-235.307,2447.421,64845.812,2770.338,16.641,,8.947,-4.42,29.751,-52.091,1126.351,1489.471,29843.34,1651.949,43769.325,60.854,0.946,25.068,8.889,949.033,10130.674,25145.163,83.359,523.757,13877.254,0.523,35.354,6.959,1338.48,35463.792,-8.391,-48.638,14.839,-3.308,6.356,-8.231,240.614,2470.373,6375.21,0.601,-10.88,31.261,-144.481,1183.499,99.997,31357.514,2932.932,77709.723,3.366,269.631,3.835,0.697,0.975,26.386,0.02,1.62,699.102,16647.592,37742156,3785.898,11406.881,68.52,1.403,28.999,15.19,1097.866,29088.582,0.698,4.532,0.288,0.473,10.915,116.226,289.208,5.348,10.135,2.353,8.197,89.069,890.35,2359.94
ZAF,South Africa,Africa,2020,-3.879,-66.946,0,,0,,-5.876,-85,0.199,7.469,,,,,,,85.505,-4.359,71.043,-44.092,967.354,3213.862,16310.51,1659.06,27973.301,218.267,0.443,190.61,197.462,1.723,1.161,11.532,5.129,0.006,0.449,13.929,5.693,6.625,222.923,,22958.51,-6.512,94.754,-89.876,1290.208,21754.119,3329.398,88.579,,0.773,-4.54,2.975,-1.926,40.51,29.056,683.029,,,0.521,-48.932,0.09,-1.18,1.232,19.581,20.766,11.421,25.461,429.294,7.402,5.192,4.872,70.696,1192.007,-2.133,-4.656,5.173,14.018,2.819,4.719,38.386,194.437,647.227,2.301,-13.445,20.736,-43.858,282.344,86.479,4760.58,,,0.109,7.578,-0.367,0.078,-0.004,1.059,0.003,0.202,17.856,3758.691,59308692,1361.639,234.856,6.248,0.475,2.373,0.153,32.31,544.781,2.554,5.211,0.938,0.633,12.774,95.991,215.374,2.972,4.257,1.267,0.704,17.246,111.707,290.784
IRQ,Iraq,Asia,2020,,,-4.326,-4.744,-13.74,-374.28,-6.048,-36.888,,,,,,,,,,,0,0,0,,0,,,,,,,,2.461,0,,,0,2.837,0.377,0,131.282,,14245.68,-6.108,98.778,-36.82,565.998,14071.664,,,,,6.693,36.295,13.046,207.97,,5170.489,104.925,2608.61,1.874,-1.054,1.059,-0.065,6.071,61.177,150.932,2.161,2.837,70.539,-0.964,1.222,-0.068,7,174.028,,,0,,0,0,0,0,0,,-12.225,62.483,-49.867,358.027,,8901.174,2349.7,58417.549,,0,,0,0,0,,0,0,3263.885,40222504,572.997,70.539,2.161,-0.964,1.222,-0.068,7,174.028,0.287,-0.367,0.162,-0.003,0.929,9.362,23.096,0,,0,0,0,0,0
ISL,Iceland,Europe,2020,,,,,,,-6.256,-3.807,,,,,,,,,,0,2.288,0,1.306,,3825.807,,,,,,,,13.165,0,,,5.961,19.132,0,0.007,19.289,,167175.409,-21.99,16.961,-2.728,9.676,28354.889,,,,,,0,0,0,,0,,,68.251,-2.561,56.934,-0.854,32.48,38579.033,95179.188,99.186,19.132,56065.511,-2.176,82.74,-1.05,47.202,138320.488,,,0,,0,0,0,0,0,,-24.577,14.673,-2.728,8.371,,24529.082,,,,17466.955,-1.32,25.777,-0.197,14.706,,30.901,43093.111,56525.537,341250,57.049,56065.511,99.186,-2.176,82.74,-1.05,47.202,138320.488,0,,0,0,0,0,0,0.035,1.024,0.029,0,0.016,19.523,48.189
BLR,Belarus,Europe,2020,,,,,,,-6.793,-19.881,0.935,35.558,,,,,,,0,-0.381,5.648,-0.059,15.409,0,1630.703,,,33.596,0.336,0,34.896,34.896,0.345,0,0,0,0.336,1.04,0.181,0.178,35.936,,28871.065,-6.862,99.199,-19.94,270.628,28639.94,3692.962,97.107,,97.107,-6.78,65.485,-12.994,178.651,3692.962,18906.193,,,0.959,0.297,0.32,0.003,0.872,36.46,92.254,2.893,1.04,110.01,2.727,0.752,0.054,2.05,216.974,-6.962,-2.339,0,,0,0,0,0,0,0,-8.252,28.066,-6.887,76.568,0,8103.045,,,0,35.558,1.502,0.101,0.004,0.276,0,0.935,29.259,3802.972,9449321,272.812,110.01,2.893,2.727,0.752,0.054,2.05,216.974,0.504,1.16,0.164,0.005,0.448,19.155,47.451,0.495,10.367,0.166,0.043,0.454,18.837,48.01
ARG,Argentina,South America,2020,0,,-7.988,-33.242,-4.134,-13.863,-6.866,-64.474,1.401,41.895,-46.322,1.103,-8.324,9.646,213.427,,1.07,9.063,1.013,0.736,8.86,31.988,196.041,,,142.763,1.893,1.446,91.627,86.69,20.854,10.01,3.492,0,1.893,33.511,1.344,9.42,135.149,,19351.623,-7.183,84.106,-56.927,735.604,16275.941,2027.344,67.797,,64.144,-5.648,50.228,-26.296,439.299,1918.092,9719.912,382.916,8472.378,15.43,-17.901,8.616,-16.431,75.355,461.407,1667.297,32.203,43.522,962.957,-5.15,15.894,-7.548,139.009,3075.698,5.333,7.614,7.407,25.823,3.008,5.399,26.306,221.49,582.035,2.584,-9.839,32.865,-31.367,287.444,77.264,6359.988,321.486,7113.191,0,41.895,-33.795,0.117,-0.521,1.021,0,1.401,22.596,2990.301,45195776,874.612,741.467,24.796,-10.304,12.886,-12.946,112.703,2493.663,0.995,67.489,0.379,1.336,3.317,29.743,73.384,6.97,88.863,2.671,10.993,23.364,208.421,516.959
MAR,Morocco,Africa,2020,,,,,,,-6.889,-18.045,,,,,,,,,,0.402,31.9,0.312,77.799,,2107.78,,,,,,,,1.147,0,,,0,8.118,1.581,5.39,38.165,,6607.388,-7.973,91.788,-19.394,223.854,6064.766,,,,,-22.817,3.088,-2.226,7.531,,204.023,,,3.006,-9.496,1.16,-0.297,2.83,31.077,76.672,21.271,8.118,219.943,7.225,8.212,1.349,20.029,542.627,,,0,,0,0,0,0,0,,-11.205,56.799,-17.48,138.524,,3752.963,,,,0,,0,0,0,,0,0,1033.998,36910560,243.882,219.943,21.271,7.225,8.212,1.349,20.029,542.627,4.144,-0.367,1.6,-0.014,3.902,42.846,105.706,14.122,14.273,5.452,1.661,13.297,146.02,360.249
ISR,Israel,Asia,2020,,,,,,,-7.16,-22.445,,,,,,,,,,-19.6,15.995,-11.348,46.551,,5378.143,,,,,,,,0,0,,,0.178,5.673,5.489,0.007,74.264,,33624.581,-9.257,95.175,-28.257,276.995,32002.078,,,,,4.889,38.821,5.266,112.985,,13053.498,,,0,,0,0,0,0,0,7.639,5.673,655.455,71.355,4.809,5.828,13.997,1617.088,,,0,,0,0,0,0,0,,-15.881,40.359,-22.175,117.459,,13570.437,,,,20.507,-0.367,0.15,-0.002,0.438,,0.239,50.594,8579.915,8655541,291.039,655.455,7.639,71.355,4.809,5.828,13.997,1617.088,7.391,75.597,4.653,5.83,13.542,634.174,1564.585,0.009,-0.335,0.006,0,0.017,0.774,1.91
THA,Thailand,Asia,2020,-7.061,-2.9,-8.572,-30.663,-10.471,-20.464,-7.161,-109.68,10.613,263.778,0.041,1.826,0.011,25.967,372.016,,19.987,1.879,14.22,3.729,202.182,496.743,2896.588,38.172,546.871,200.596,18.412,34.673,142.257,106.874,4.6,0,0.71,0,18.412,31.22,4.885,3.324,173.477,,20370.287,-7.157,93.829,-102.847,1334.098,19113.164,2038.061,82.003,,61.607,-8.023,32.952,-40.866,468.529,1531.152,6712.46,327.064,4685.733,2.651,-28.317,0.788,-4.424,11.2,65.896,160.464,17.997,31.22,447.281,-7.224,6.171,-6.833,87.748,1257.139,13.519,27.119,0,,0,0,0,0,0,0.409,-9.012,46.657,-65.709,663.386,10.165,9504.115,174.966,2506.676,0,263.778,-6.522,2.376,-2.357,33.78,0,10.613,483.956,2485.342,69799976,1421.846,447.281,17.997,-7.224,6.171,-6.833,87.748,1257.139,2.816,-0.367,0.793,-0.042,11.269,69.986,161.454,1.916,-0.367,0.389,-0.02,5.532,47.622,79.25
MYS,Malaysia,Asia,2020,0,,-7.658,-60.703,-9.832,-34.548,-7.181,-88.379,,,,,,,,,56.142,19.047,27.64,50.519,315.751,2768.388,9755.662,,,,,89.602,136.146,45.609,20.303,0,0.935,,1.924,23.452,1.224,0,159.598,,35295.966,-6.521,94.525,-75.332,1079.848,33363.65,4206.446,85.306,,28.578,-14.645,33.397,-65.458,381.522,1409.171,11787.751,731.945,22614.621,12.721,-21.495,4.385,-13.715,50.09,627.292,1547.607,14.694,23.452,724.581,-17.718,5.065,-12.458,57.858,1787.63,,,0,,0,0,0,0,0,0.586,-13.634,33.489,-60.393,382.573,28.887,11820.236,316.838,9789.239,,59.458,0.572,0.416,0.027,4.748,,1.206,146.689,4931.027,32365998,1142.389,724.581,14.694,-17.718,5.065,-12.458,57.858,1787.63,0.767,68.623,0.264,1.229,3.021,37.831,93.334,0,,0,0,0,0,0
DEU,Germany,Europe,2020,-17.707,-58.528,-15.636,-8.335,0,,-7.204,-261.163,8.606,588.06,22.089,1.167,7.104,39.264,468.636,311,24.315,-17.942,15.226,-111.996,512.222,1661.536,6113.613,272,3246.445,553.65,49.27,139.21,256.19,96.95,19.49,64.98,20.03,0.36,49.63,251.36,50.32,131.92,572.53,,40152.984,-9.231,75.704,-259.008,2546.819,30397.461,3057.746,44.747,,16.934,-2.415,25.726,-21.416,865.455,1157.143,10329.615,44.973,536.768,3.404,-8.061,1.366,-4.031,45.97,232.622,548.672,55.253,316.34,3775.664,-0.263,24.296,-2.155,817.359,9755.555,-3.41,-18.88,11.35,-14.567,4.721,-27.079,158.814,775.566,1895.513,3.499,-9.701,34.753,-125.597,1169.14,239.067,13954.232,,,4.297,592.357,0.421,3.727,0.526,125.368,0.063,8.669,1496.328,6833.41,83783944,3364.175,3000.097,43.903,3.934,19.575,24.924,658.545,7860.042,8.789,8.67,3.711,9.96,124.836,600.592,1489.98,23.042,3.646,9.604,11.366,323.107,1574.526,3856.427
IRL,Ireland,Europe,2020,,,,,,,-7.258,-13.37,2.717,172.142,,,,,,290,2.141,-26.006,5.085,-3.053,8.687,135.688,1759.386,,,31.14,0.85,0.67,18.03,15.67,0.93,0,1.69,0,0.85,13.26,0.02,11.46,31.29,,34600.01,-11.251,79.411,-17.199,135.672,27476.222,3651.427,57.622,,50.08,-0.196,31.054,-0.104,53.055,3173.481,10744.609,,,2.972,4.894,1.348,0.107,2.303,188.343,466.365,42.378,13.26,2685.409,13.695,19.411,3.995,33.163,6716.197,-0.482,-0.15,0,,0,0,0,0,0,5.401,-15.962,43.272,-14.042,73.93,342.258,14972.227,,,0,172.142,9.086,1.347,0.192,2.302,0,2.717,466.135,6336.835,4937796,170.848,2685.409,42.378,13.695,19.411,3.995,33.163,6716.197,0.064,-0.367,0.031,0,0.053,4.05,10.667,36.625,14.895,16.685,3.696,28.506,2320.874,5773.031
JPN,Japan,Asia,2020,1.802,0.088,0,,0,,-7.291,-372.017,4.89,364.154,,,,,,,29.09,-6.747,26.861,-91.93,1270.664,2166.144,10046.649,4.981,39.385,941.776,46.057,273.966,651.152,294.554,84.946,43.026,82.632,21.519,67.576,247.598,84.451,10.625,941.776,,37402.909,-8.014,87.067,-358.825,4118.781,32565.59,5148.402,69.141,,31.276,-3.424,22.073,-37.024,1044.187,2328.922,8255.989,,,9.02,4.906,4.044,8.947,191.297,671.634,1512.51,30.859,290.624,2297.85,-2.085,12.836,-12.931,607.209,4800.968,0,0,4.569,-34.729,2.243,-56.444,106.085,340.192,838.773,8.774,-11.303,38.133,-229.871,1803.926,653.337,14262.952,,,170.142,534.296,8.043,1.819,6.404,86.03,2.285,7.175,680.205,7446.252,126476464,4730.588,1957.658,26.291,9.509,10.593,43.513,501.124,3962.195,8.967,14.339,4.325,25.656,204.58,667.723,1617.533,1.128,14.999,0.406,2.506,19.218,84.004,151.947
COL,Colombia,South America,2020,-40,-269.524,0.488,0.644,-11.553,-62.686,-7.41,-39.289,1.806,26.355,-10.614,1.759,-1.025,8.633,169.67,,10.637,31.739,15.171,17.944,74.481,155.236,1463.777,404.286,7945.431,74.537,1.341,7.899,23.332,14.616,49.387,0,0.817,0,1.341,50.926,0.191,0.007,74.257,,9648.333,-3.349,74.805,-12.725,367.244,7217.442,458.541,31.42,,19.683,3.566,28.366,4.795,139.259,287.245,2736.863,132.583,2605.649,66.508,-19.047,22.108,-25.537,108.537,970.602,2133.076,68.58,50.926,1000.84,-17.679,25.195,-26.564,123.691,2430.899,0.375,0.28,0,,0,0,0,0,0,1.101,-18.767,31.268,-35.464,153.503,16.061,3016.801,479.926,9431.982,0,26.355,-0.578,1.224,-0.035,6.007,0,1.806,118.048,1459.38,50882884,490.935,1000.84,68.58,-17.679,25.195,-26.564,123.691,2430.899,0.257,36.21,0.09,0.118,0.443,3.749,8.699,0.009,-54.335,0.015,-0.085,0.072,0.133,1.407
BGR,Bulgaria,Europe,2020,-20.407,-11.575,0,,0,,-7.438,-15.4,4.573,263.368,,,,,,364,33.008,-19.285,24.879,-11.393,47.681,1901.145,6862.111,45.147,6497.423,36.61,1.83,13.21,15.74,2.13,2.94,16.48,0.4,0,1.83,7.8,1.55,1.48,40.02,,27581.901,-10.939,67.52,-15.894,129.402,18623.199,2265.255,39.33,,5.322,3.171,15.239,0.898,29.206,306.543,4203.318,,,7.346,-0.86,3.799,-0.063,7.281,423.116,1047.828,60.67,24.28,3494.307,1.336,31.57,0.798,60.504,8707.5,-9.314,-3.41,41.179,0.107,21.413,0.044,41.038,2371.754,5906.134,1,-9.322,27.401,-5.399,52.515,57.567,7557.77,,,0,263.368,6.871,2.528,0.312,4.846,0,4.573,697.388,5759.562,6948445,191.651,1122.553,19.49,4.029,10.157,0.754,19.465,2801.366,3.873,3.419,1.927,0.122,3.694,223.071,531.64,3.698,11.755,1.902,0.383,3.645,212.997,524.51
USA,United States,North America,2020,-25.012,-992.731,-1.652,-153.666,-4.695,-408.384,-7.483,-1972.603,1.384,169.348,-10.623,1.423,-41.26,347.152,1048.789,,19.107,-18.859,10.482,-594.133,2556.327,2337.762,7722.986,2976.323,8991.84,4094.409,56.055,773.806,2431.99,1629.237,285.79,789.919,28.947,16.93,72.985,827.938,132.63,336.533,4049.847,,73677.319,-9.299,81.663,-2041.786,19915.511,60167.225,7347.341,60.051,,40.23,-2.027,34.117,-172.182,8320.194,4922.126,25136.358,9146.21,27631.831,7.057,0.753,2.92,5.32,712.2,863.406,2151.644,39.949,1617.857,4887.746,1.571,18.337,69.181,4471.896,13510.152,1.088,44.563,19.505,-2.767,8.412,-58.367,2051.396,2386.442,6197.52,0.715,-12.366,37.064,-1275.47,9038.974,87.453,27307.882,8289.033,25042.194,51.149,220.496,-0.361,0.777,-0.687,189.538,0.418,1.802,572.617,12235.088,331002656,24387.388,2501.304,20.444,5.563,9.925,127.547,2420.501,7312.632,3.275,23.621,1.355,63.156,330.522,400.693,998.548,8.31,13.65,3.449,101.018,841.089,1016.709,2541.033
AUT,Austria,Europe,2020,,,,,,,-7.598,-31.604,6.205,476.328,-11.292,1.351,-0.661,5.191,576.355,80,0.839,-21.546,6.742,-7.116,25.912,64.399,2877.034,,,71.34,4.29,0.58,14.56,10.58,42.22,0,3.4,0,4.29,54.58,1.3,6.77,69.14,,42676.308,-11.244,63.608,-30.973,244.483,27145.484,1616.628,21.059,,15.302,-4.19,22.186,-3.729,85.275,1174.72,9468.296,,,61.065,0.86,26.287,0.862,101.038,4687.778,11218.459,78.941,54.58,6060.135,-0.449,36.392,-0.632,139.877,15530.859,3.084,2.2,0,,0,0,0,0,0,4.918,-13.119,34.68,-20.127,133.296,377.509,14800.154,,,0,476.328,10.313,3.372,1.212,12.962,0,6.205,1439.221,7676.763,9006400,384.36,6060.135,78.941,-0.449,36.392,-0.632,139.877,15530.859,1.88,-6.895,1.021,-0.291,3.924,144.342,435.706,9.792,-9.471,4.361,-1.754,16.762,751.688,1861.118
ARE,United Arab Emirates,Asia,2020,,,-4.472,-25.95,-8.265,-173.542,-7.962,-100.689,,,,,,,,,0,30.998,2.588,7.128,30.123,0,3045.695,,,,,0,131.198,131.195,0,1.624,0.003,,0.006,5.559,5.553,0,138.381,,117685.602,-8.616,98.478,-108.072,1146.237,115893.946,13265.196,94.809,,94.807,-2.626,59.813,-18.774,696.195,13264.888,70391.055,554.32,56046.249,0,,0,0,0,0,0,5.191,7.183,726.251,71.419,1.522,7.383,17.721,1791.75,,,1.173,,0.344,4.006,4.006,164.179,405.049,0.002,-18.675,36.077,-96.426,419.918,0.308,42457.196,1926.187,194753.198,,0.607,-0.374,0.001,0,0.015,,0.004,1.497,13991.447,9890400,1163.958,562.072,4.017,32.667,1.178,3.377,13.715,1386.702,4.013,32.715,1.177,3.377,13.7,561.466,1385.205,0,,0,0,0,0,0
MKD,North Macedonia,Europe,2020,,,,,,,-8.109,-2.497,1.136,28.799,,,,,,,54.356,-16.228,35.257,-1.933,9.977,1377.57,4788.747,,,7.61,0.06,2.87,3.89,0.96,1.19,0,0.06,0,0.06,1.39,0.02,0.12,5.28,,13582.355,-10.224,87.138,-2.808,24.657,11835.335,1867.159,73.674,,18.182,14.243,11.463,0.404,3.244,460.79,1556.919,,,22.538,9.348,11.135,0.269,3.151,571.187,1512.383,26.326,1.39,667.185,9.349,12.859,0.311,3.639,1746.522,30.618,2.33,0,,0,0,0,0,0,1.136,-10.064,40.418,-1.28,11.437,28.799,5489.669,,,0,28.799,3.602,0.5,0.005,0.141,0,1.136,67.852,2534.344,2083379,28.297,667.185,26.326,9.349,12.859,0.311,3.639,1746.522,0.379,0.963,0.205,0.001,0.058,9.6,27.872,2.273,14.39,1.019,0.036,0.288,57.599,138.414
DZA,Algeria,Africa,2020,,,-6.321,-54.959,-10.465,-78.293,-8.149,-56.646,,,,,,,,,,0,0.752,0,4.803,,109.534,,,,,,,,0.05,0,,,0,0.658,0.6,0.008,78.769,,14560.575,-8.128,99.746,-56.346,636.874,14523.566,,,,,-4.563,67.473,-20.598,430.815,,9824.517,814.564,18575.698,0.063,-67.226,0.019,-0.253,0.123,1.14,2.813,0.835,0.658,15.005,-15.625,0.254,-0.301,1.623,37.02,,,0,,0,0,0,0,0,,-15.083,31.52,-35.748,201.255,,4589.515,669.865,15275.913,,0,,0,0,0,,0,0,1796.286,43851044,638.496,15.005,0.835,-15.625,0.254,-0.301,1.623,37.02,0.762,-2.797,0.232,-0.043,1.48,13.683,33.757,0.01,-20.202,0.003,-0.005,0.02,0.182,0.45
LVA,Latvia,Europe,2020,,,,,,,-8.295,-3.646,15.078,461.244,,,,,,120,0,-43.904,0.647,-0.204,0.261,0,138.351,,,7.4,0.87,0,2.18,2.18,2.58,0,0,0,0.87,3.59,0,0.14,5.77,,21369.546,-13.438,76.459,-4.784,30.819,16338.985,1155.762,37.782,,37.782,-18.195,26.625,-2.387,10.732,1155.762,5689.679,,,44.714,23.102,15.939,1.206,6.424,1367.828,3405.99,62.218,3.59,1903.296,14.68,22.489,1.16,9.065,4805.796,22.027,1.63,0,,0,0,0,0,0,0,-9.961,49.187,-2.193,19.826,0,10510.955,,,0,461.244,-4.488,5.442,-0.103,2.193,0,15.078,1162.876,3059.057,1886202,40.307,1903.296,62.218,14.68,22.489,1.16,9.065,4805.796,0,-0.357,0.019,0,0.008,0,4.109,2.426,15.161,1.089,0.058,0.439,74.223,232.821
CHE,Switzerland,Europe,2020,,,,,,,-8.357,-27.306,4.807,381.415,,,,,,,0,0,0.353,0,1.058,0,122.285,,,61.413,3.301,0,0.661,0,37.287,23.283,0.661,0,3.301,44.728,3.974,0.167,68.673,,34596.661,-14.206,45.413,-22.516,135.976,15711.424,76.431,0.963,,0,-5.138,10.79,-1.75,32.308,0,3733.081,,,54.296,-0.209,31.058,-0.194,92.996,4308.297,10745.203,99.037,68.011,7858.361,-2.864,53.902,-4.759,161.395,18648.404,-11.822,-7.26,33.905,-9.393,18.943,-5.88,56.719,2690.286,6553.627,0.963,-16.832,34.269,-20.766,102.61,76.431,11856.058,,,0,381.415,3.892,1.6,0.179,4.79,0,4.807,553.483,7934.792,8654618,299.421,5168.075,65.132,1.082,34.959,1.12,104.676,12094.777,5.786,20.004,2.162,1.079,6.472,459.124,747.813,0.242,15.574,0.14,0.056,0.418,19.24,48.278
LKA,Sri Lanka,Asia,2020,,,,,,,-8.577,-8.513,,,,,,,,,,7.331,20.327,1.26,18.443,,861.3,,,,,,,,4.976,0,,,0.093,6.109,0.4,0.64,16.854,,4237.282,-11.29,83.389,-9.629,75.662,3533.419,,,,,,0,0,0,,0,,,29.525,2.367,13.531,0.284,12.277,232.391,573.336,36.247,6.109,285.299,8.003,16.611,1.117,15.072,703.866,,,0,,0,0,0,0,0,,-15.988,63.062,-10.889,57.219,,2672.118,,,,4.33,-0.367,0.252,-0.001,0.229,,0.55,10.683,787.092,21413250,90.734,285.299,36.247,8.003,16.611,1.117,15.072,703.866,2.374,6.78,1.088,0.063,0.987,18.687,46.104,3.798,95.426,1.74,0.771,1.579,29.89,73.743
ITA,Italy,Europe,2020,,,-16.133,-7.456,26.724,13.298,-9.058,-162.21,7.05,323.841,41.537,0.813,3.888,13.247,219.097,221,5.084,-25.944,3.526,-20.116,57.419,233.536,949.668,,,309.92,19.58,14.12,159.9,130.04,47.49,0,15.74,6.03,25.61,117.82,25.88,18.84,277.72,,26935.966,-11.229,81.461,-167.813,1326.681,21942.456,2644.644,57.576,,46.824,-4.42,41.546,-31.29,676.617,2150.779,11190.816,38.757,641.015,17.1,0.364,7.074,0.418,115.207,785.454,1905.444,42.424,117.82,1948.668,1.891,18.539,5.602,301.918,4993.531,10.39,32.2,0,,0,0,0,0,0,5.668,-16.417,36.39,-116.407,592.645,260.33,9801.973,63.058,1042.935,99.732,423.573,-0.3,3.886,-0.191,63.293,2.171,9.222,1046.832,4593.311,60461828,1628.598,1948.668,42.424,1.891,18.539,5.602,301.918,4993.531,9.319,9.156,3.932,5.371,64.03,428.039,1059.009,6.784,-7.762,2.833,-3.883,46.141,311.602,763.15
PHL,Philippines,Asia,2020,,,,,,,-9.431,-52.791,0.51,4.572,,,,,,,50.017,-0.584,39.877,-1.187,202.152,448.648,1844.775,,,98.293,0.501,49.163,76.808,16.915,7.702,0,10.729,10.937,11.438,21.484,1.34,1.004,98.293,,4626.2,-10.136,88.463,-50.583,448.458,4092.476,700.925,78.142,,17.209,-8.851,7.58,-3.732,38.428,154.364,350.684,,,7.836,-10.715,3.5,-2.129,17.744,70.286,161.922,21.858,21.484,196.06,-2.336,10.516,-1.275,53.312,486.506,0,0,0,,0,0,0,0,0,10.916,-18.011,41.006,-45.665,207.877,97.913,1897.017,,,99.806,104.378,2.067,5.849,0.601,29.649,11.127,11.636,270.571,896.985,109581088,506.944,196.06,21.858,-2.336,10.516,-1.275,53.312,486.506,1.364,9.749,0.668,0.301,3.386,12.232,30.903,1.022,-1.822,0.5,-0.047,2.532,9.164,23.11
CZE,Czechia,Europe,2020,-24.06,-37.592,,,,,-9.465,-44.654,6.671,505.183,,,,,,399,39.125,-18.765,31.808,-31.381,135.855,2962.933,12686.066,118.653,11079.722,70.95,5.41,31.73,40.53,5.88,2.17,30.03,2.92,0.04,5.45,10.54,2.21,0.71,81.1,,39882.98,-12.092,75.761,-44.51,323.579,30215.662,3784.673,49.975,,7.25,1.651,19.813,1.374,84.624,549.072,7902.135,,,2.676,6.296,1.237,0.313,5.285,202.634,493.54,50.025,40.57,3788.409,-0.519,23.226,-0.517,99.202,9263.415,-14.306,-10.15,37.028,-1.036,17.354,-0.776,74.12,2804.188,6921.339,3.6,-12.332,24.139,-14.503,103.1,272.668,9627.461,,,3.735,508.919,0.843,2.941,0.105,12.562,0.049,6.72,1173.02,7573.082,10708982,427.106,984.221,12.996,1.041,5.872,0.258,25.081,2342.077,2.725,-2.669,1.29,-0.151,5.509,206.369,514.459,0.875,-0.495,0.404,-0.009,1.725,66.299,161.058
PRT,Portugal,Europe,2020,,,,,,,-9.591,-27.48,7.525,383.457,-11.498,1.121,-0.377,2.903,284.729,204,5.004,-53.696,2.595,-7.796,6.722,254.984,659.273,,,53.42,3.91,2.6,21.74,17.72,12.23,0,1.42,0.22,4.13,30.22,1.56,12.3,51.96,,25404.71,-16.05,69.801,-34.568,180.815,17732.698,2132.061,41.84,,34.103,-2.3,23.139,-1.411,59.939,1737.816,5878.277,,,23.537,40.546,11.847,8.853,30.689,1199.407,3009.651,58.16,30.22,2963.702,9.964,30.199,7.088,78.229,7672.033,2.733,1.46,0,,0,0,0,0,0,2.733,-18.178,44.067,-25.361,114.154,139.261,11195.148,,,21.576,405.033,12.362,3.842,1.095,9.952,0.423,7.948,976.038,5095.763,10196707,259.044,2963.702,58.16,9.964,30.199,7.088,78.229,7672.033,3.002,25.746,1.614,0.856,4.182,152.991,410.11,23.672,-9.866,11.775,-3.339,30.503,1206.272,2991.505
NZL,New Zealand,Oceania,2020,-8.355,-1.856,,,,,-9.624,-24.861,1.421,126.138,,,,,,,7.691,-4.547,7.293,-0.811,17.027,682.908,3530.882,20.363,4222.816,42.819,0.608,3.293,8.083,3.762,24.186,0,1.028,7.51,8.118,34.736,0.145,2.287,42.819,,48413.68,-12.79,62.67,-21.457,146.312,30341.079,1676.096,18.876,,8.785,-6.966,19.535,-3.415,45.606,780.097,9457.467,,,56.485,-5.615,25.605,-3.557,59.778,5015.551,12396.374,81.124,34.736,7203.368,-3.754,37.312,-3.398,87.109,18064.134,0,0,0,,0,0,0,0,0,2.4,-17.076,35.843,-17.231,83.679,213.091,17352.731,,,1557.404,1683.542,-0.068,9.105,-0.014,21.256,17.539,18.96,4407.977,8879.464,4822233,233.462,7203.368,81.124,-3.754,37.312,-3.398,87.109,18064.134,0.338,24.055,0.169,0.077,0.395,30.05,81.931,5.341,1.734,2.433,0.097,5.68,474.226,1177.852
KWT,Kuwait,Asia,2020,,,-16.481,-29.541,-9.229,-153.896,-9.671,-44.816,,,,,,,,,,-82.232,0.086,-1.661,0.359,,84.02,,,,,,,,0,0,,,0,0.171,0.153,0.018,74.928,,98021.053,-9.679,99.899,-44.815,418.184,97922.496,,,,,-10.407,49.319,-23.982,206.452,,48343.085,149.705,35055.026,0,,0,0,0,0,0,0.228,0.171,39.98,-0.367,0.101,-0.002,0.421,98.635,,,0,,0,0,0,0,0,,-8.316,50.495,-19.172,211.373,,49495.391,1513.612,354429.093,,0,,0,0,0,,0,0,17545.166,4270563,418.605,39.98,0.228,-0.367,0.101,-0.002,0.421,98.635,0.204,-0.367,0.09,-0.001,0.378,35.877,88.514,0.023,-0.368,0.01,0,0.043,4.103,10.121
FRA,France,Europe,2020,,,,,,,-10.011,-268.976,1.599,129.762,-10.018,1.272,-3.424,30.757,471.204,56,0.646,-27.743,2.224,-20.65,53.783,52.395,823.965,,,484.79,8.47,3.42,49.83,35.97,61.71,355.39,10.44,0.61,9.08,124.38,13.26,40.33,529.6,,37040.828,-13.011,49.809,-180.129,1204.267,18449.548,763.403,9.409,,6.792,-6.87,16.818,-29.998,406.623,551.066,6229.528,,,11.652,9.014,6.255,12.506,151.243,945.406,2317.058,90.591,479.77,7350.148,-6.822,50.191,-88.847,1213.52,18591.31,-9.243,-44.81,67.105,-11.648,36.105,-115.091,872.949,5444.628,13373.708,1.971,-14.826,30.766,-129.482,743.86,159.942,11396.056,,,9.345,139.107,-1.746,1.081,-0.465,26.14,0.115,1.715,400.466,8113.551,65273512,2417.785,1905.52,23.486,8.349,14.086,26.244,340.571,5217.601,2.504,10.891,1.334,3.168,32.257,203.145,494.184,7.615,16.869,4.143,14.459,100.175,617.862,1534.689
GBR,United Kingdom,Europe,2020,-22.762,-3.992,-0.152,-0.602,-7.114,-42.87,-10.774,-231.254,12.392,561.235,-4.11,0.955,-0.784,18.287,269.379,209,1.73,-11.021,2.808,-6.66,53.769,78.367,792.051,13.548,199.563,325.02,38.1,5.32,124.68,111.15,6.69,50.84,8.21,0,38.1,131.94,13.32,73.83,307.46,,28211.222,-14.694,75.268,-248.295,1441.49,21233.979,1836.608,40.552,,36.151,-6.219,37.854,-48.079,724.955,1637.304,10679.009,394.75,5814.901,2.176,8.765,0.835,1.288,15.984,98.548,235.453,59.448,182.78,2692.455,3.732,24.732,17.042,473.659,6977.266,5.403,17.56,16.535,-10.84,6.477,-15.081,124.043,748.902,1827.221,2.67,-22.603,34.606,-193.557,662.765,120.938,9762.919,559.77,8245.729,0,561.235,5.186,5.077,4.793,97.225,0,12.392,1432.177,4529.063,67886008,1915.147,1943.552,42.913,10.118,18.255,32.123,349.616,5150.045,4.332,-1.271,1.649,-0.406,31.582,196.211,465.214,24.013,17.094,9.74,27.232,186.539,1087.558,2747.822
QAT,Qatar,Asia,2020,,,-0.456,-7.854,-2.332,-21.069,-11.076,-59.226,,,,,,,,,,,0,0,0,,0,,,,,,,,0,0,,,0.115,0.123,0.008,0,50.535,,165044.292,-11.082,99.936,-59.225,475.199,164938.918,,,,,-4.653,73.568,-17.072,349.819,,121420.492,1713.187,594637.811,0,,0,0,0,0,0,0.244,0.123,42.765,-0.37,0.064,-0.001,0.304,105.507,,,0,,0,0,0,0,0,,-25.161,26.368,-42.153,125.379,,43518.426,882.398,306275.309,,39.862,-0.367,0.06,-0.001,0.283,,0.227,98.344,17540.406,2881060,475.503,42.765,0.244,-0.37,0.064,-0.001,0.304,105.507,0.017,-0.402,0.004,0,0.021,2.903,7.164,0,,0,0,0,0,0
ESP,Spain,Europe,2020,14.658,2.694,0,,0,,-11.138,-173.11,2.461,138.809,-27.889,1.017,-5.434,14.049,300.491,172,2.825,-53.535,1.464,-23.298,20.221,159.342,432.491,21.071,450.67,267.03,6.49,7.45,90.19,68.27,31.68,58.23,14.47,0.02,6.51,115.33,20.71,56.43,263.75,,29540.995,-16.923,69.291,-194.951,957.042,20469.391,1929.001,34.195,,25.884,-9.899,23.468,-35.611,324.134,1460.172,6932.65,,,12.011,21.829,4.911,12.155,67.835,677.578,1450.87,65.805,173.56,3712.134,5.429,30.709,21.841,424.142,9071.628,1.228,3.28,22.078,-0.488,10.397,-0.704,143.603,1245.434,3071.409,5.486,-18.17,44.36,-136.043,612.686,309.487,13104.251,,,0.428,139.237,14.785,1.16,2.064,16.022,0.008,2.468,342.691,5641.134,46754780,1381.183,2466.7,43.727,8.739,20.311,22.545,280.539,6000.219,7.852,37.202,3.716,13.918,51.329,442.949,1097.842,21.395,-0.12,9.507,-0.158,131.303,1206.935,2808.325
IDN,Indonesia,Asia,2020,-8.704,-367.529,-6.556,-44.31,-4.666,-20.72,-11.782,-283.195,,,2.796,2.874,1.658,60.944,222.811,,65.723,-4.638,42.65,-43.986,904.393,661.255,3306.455,3855.071,14094.106,,,180.869,238.91,51.276,19.454,0,6.764,,15.882,36.282,0.473,0.473,275.197,,7752.6,-13.083,92.905,-296.543,1970.065,7202.54,873.452,86.814,,18.633,-5.446,19.584,-23.92,415.283,187.466,1518.273,631.525,2308.849,7.069,17.146,2.263,7.025,47.996,71.125,175.474,13.184,36.282,132.647,9.735,7.095,13.347,150.456,550.067,,,0,,0,0,0,0,0,2.458,-26.01,30.671,-228.637,650.387,24.731,2377.812,423.299,1547.579,,58.065,10.302,1.848,3.66,39.183,,5.771,143.254,1006.118,273523616,2120.519,132.647,13.184,9.735,7.095,13.347,150.456,550.067,0.172,772.136,0.055,1.032,1.166,1.728,4.264,0.172,-2.292,0.055,-0.027,1.166,1.728,4.264
TTO,Trinidad and Tobago,North America,2020,,,-14.744,-50.956,-6.188,-2.634,-12.247,-24.181,,,,,,,,,,,0,0,0,,0,,,,,,,,0,0,,,0,0.005,0.005,0,9.04,,123799.685,-12.248,99.993,-24.181,173.245,123791.55,,,,,-13.46,87.277,-23.519,151.214,,108049.19,294.653,210542.72,0,,0,0,0,0,0,0.052,0.005,3.338,-0.24,0.007,0,0.012,8.237,,,0,,0,0,0,0,0,,-2.915,12.716,-0.662,22.031,,15742.36,39.936,28535.762,,0,,0,0,0,,0,0,6459.674,1399491,173.257,3.338,0.052,-0.24,0.007,0,0.012,8.237,0.052,-0.24,0.007,0,0.012,3.338,8.237,0,,0,0,0,0,0
DNK,Denmark,Europe,2020,,,-56.919,-18.229,-29.842,-17.413,-12.77,-24.008,18.365,915.023,,,,,,117,11.642,-14.092,5.541,-1.49,9.086,580.09,1568.715,,,35.06,5.3,3.36,5.66,1.32,0.02,0,0.98,0,5.3,23.2,1.24,16.64,28.86,,28313.54,-17.566,64.13,-22.411,105.171,18157.35,977.176,19.612,,4.574,-19.802,14.171,-5.738,23.24,227.893,4012.228,13.797,2381.983,0.069,-4.16,0.025,-0.002,0.041,3.453,7.054,80.388,23.2,4005.384,-2.356,34.343,-1.359,56.322,9723.755,17.684,6.2,0,,0,0,0,0,0,3.396,-17.247,44.418,-15.182,72.845,169.193,12576.406,40.937,7067.668,0,915.023,-14.687,7.94,-2.242,13.021,0,18.365,2248.013,4982.56,5792203,163.998,4005.384,80.388,-2.356,34.343,-1.359,56.322,9723.755,4.297,22.185,1.777,0.529,2.914,214.081,503.167,57.658,0.888,24.601,0.355,40.346,2872.827,6965.521
CYP,Cyprus,Europe,2020,,,,,,,-12.901,-4.177,1.21,49.695,,,,,,621,0,-16.597,0.575,-0.032,0.162,0,134.254,,,4.96,0.06,0,4.32,0,0,0,4.32,0,0.06,0.64,0.33,0.25,4.96,,23358.362,-14.902,93.479,-4.617,26.363,21835.221,3578.052,87.097,,0,,0,0,0,0,0,,,0,,0,0,0,0,0,12.903,0.64,530.082,20.907,5.465,0.266,1.541,1276.447,0,0,0,,0,0,0,0,0,87.097,-14.891,92.904,-4.584,26.201,3578.052,21700.967,,,0,49.695,2.884,0.523,0.004,0.148,0,1.21,122.216,4108.133,1207361,28.202,530.082,12.903,20.907,5.465,0.266,1.541,1276.447,6.653,48.296,2.842,0.261,0.802,273.323,663.85,5.04,0.225,2.099,0.001,0.592,207.063,490.381
ECU,Ecuador,South America,2020,,,0,,-9.476,-31.366,-13.315,-27.527,,,,,,,,,,,0,0,0,,0,,,,,,,,24.768,0,,,0.485,25.505,0.166,0.086,32.045,,10157.683,-19.316,64.682,-27.752,115.919,6570.241,,,,,-13.644,3.046,-0.862,5.458,,309.366,,,77.291,0.052,34.097,0.032,61.106,1403.838,3463.439,79.59,25.505,1445.597,0.158,35.111,0.099,62.923,3566.465,,,0,,0,0,0,0,0,,-19.577,61.637,-26.889,110.461,,6260.875,299.63,16982.881,,27.478,6.221,0.667,0.07,1.196,,1.513,67.791,1816.307,17643060,179.213,1445.597,79.59,0.158,35.111,0.099,62.923,3566.465,0.519,-0.371,0.229,-0.002,0.411,9.434,23.275,0.267,-0.367,0.118,-0.001,0.211,4.848,11.96
EST,Estonia,Europe,2020,,,,,,,-14.025,-8.445,22.277,1017.686,,,,,,610,0,-21.477,52.202,-7.391,27.024,0,20371.459,,,9.71,1.35,0,3.63,0.04,0.02,0,3.59,0,1.35,2.43,0.19,0.87,6.06,,39024.296,-16.377,88.302,-8.952,45.712,34459.267,2736.444,59.901,,0.66,-8.026,8.28,-0.374,4.286,30.154,3231.341,,,0.33,101.444,0.183,0.048,0.095,15.077,71.446,40.099,2.43,1831.835,9.657,11.112,0.507,5.752,4336.331,37.59,3.65,0,,0,0,0,0,0,59.241,-7.616,27.82,-1.187,14.402,2706.291,10856.467,,,0,1017.686,3.329,6.406,0.107,3.316,0,22.277,2499.737,4568.279,1326539,51.767,1831.835,40.099,9.657,11.112,0.507,5.752,4336.331,3.135,7.646,0.6,0.022,0.31,143.23,233.993,14.356,19.397,3.924,0.33,2.031,655.842,1531.155
MEX,Mexico,North America,2020,-32.899,-21.061,-3.908,-12.231,0.142,1.566,-14.264,-299.271,0.96,22.548,0.656,0.122,0.014,2.203,17.086,,4.162,-61.431,3.225,-92.402,58.013,97.759,449.948,42.956,333.164,302.106,2.907,12.604,227.827,181.157,26.557,11.335,34.066,4.626,7.533,63.708,10.349,19.269,302.871,,13951.862,-16.77,89.258,-323.51,1605.615,12453.118,1767.024,75.223,,59.813,-1.91,47.971,-16.799,862.934,1405.052,6692.906,300.718,2332.361,8.769,13.259,3.681,7.751,66.21,205.979,513.522,24.777,75.044,582.037,14.343,10.742,24.24,193.239,1498.755,-0.253,-0.765,3.743,-0.53,1.566,-0.15,28.173,87.917,218.507,11.248,-23.839,38.061,-214.31,684.666,264.213,5310.264,1105.467,8573.983,35.876,58.424,-7.996,1.042,-1.629,18.741,1.527,2.487,145.351,2349.061,128932752,1798.852,494.12,21.035,17.337,9.176,24.39,165.066,1280.248,3.417,60.593,1.628,11.053,29.293,80.267,227.199,6.362,17.384,2.703,7.2,48.619,149.45,377.089
LUX,Luxembourg,Europe,2020,,,,,,,-15.077,-7.082,29.268,575.102,,,,,,55,0,-2.417,1.212,-0.012,0.484,0,772.64,,,6.69,0.36,0,0.25,0.17,0.09,0,0.08,0,0.36,0.98,0.18,0.35,1.23,,63726.112,-18.69,88.691,-8.132,35.38,56519.531,399.376,20.325,,13.821,-7.872,18.373,-0.626,7.329,271.576,11708.646,,,7.317,-12.709,0.579,-0.034,0.231,143.775,369.179,79.675,0.98,1565.555,29.405,6.396,0.58,2.552,4076.036,81.614,5.46,0,,0,0,0,0,0,6.504,-21.375,69.105,-7.494,27.567,127.8,44038.244,,,0,575.102,38.195,2.382,0.263,0.95,0,29.268,1517.985,1964.932,625976,39.891,1565.555,79.675,29.405,6.396,0.58,2.552,4076.036,14.634,57.772,1.277,0.187,0.509,287.551,813.745,28.455,23.586,2.158,0.164,0.861,559.127,1375.126
PER,Peru,South America,2020,0,,-10.418,-14.061,-11.665,-8.283,-15.92,-52.438,1.123,17.666,,,,,,,1.187,-26.614,2.326,-2.336,6.442,18.681,195.37,,,51.907,0.582,0.616,18.302,17.686,30.404,0,0,0,0.582,33.582,0.783,1.812,51.884,,8399.715,-21.125,68.281,-50.647,189.106,5735.374,555.069,35.274,,34.087,-14.139,25.456,-11.61,70.503,536.389,2138.269,120.897,3666.686,58.601,-3.392,27.176,-2.642,75.264,922.133,2282.69,64.726,33.582,1018.508,-2.182,30.094,-1.859,83.347,2527.834,0.045,0.024,0,,0,0,0,0,0,0,-24.654,40.498,-36.7,112.161,0,3401.735,62.722,1902.28,0,17.666,30.51,0.618,0.4,1.713,0,1.123,51.946,1573.577,32971848,276.954,1018.508,64.726,-2.182,30.094,-1.859,83.347,2527.834,1.509,1.591,0.693,0.03,1.919,23.752,58.214,3.492,8.603,1.607,0.353,4.451,54.957,134.984
GRC,Greece,Europe,2020,-48.866,-29.14,0,,0,,-16.139,-53.474,0.854,38.376,,,,,,498,15.564,-47.194,11.449,-28.433,31.813,699.411,3052.204,30.493,2925.512,55.7,0.4,7.29,29.24,16.09,3.5,0,5.86,0,0.4,17.6,4.79,8.91,46.84,,26658.55,-20.124,83.162,-58.217,231.076,22169.711,2805.319,62.425,,34.351,10.031,20.522,5.198,57.023,1543.693,5470.866,,,7.472,-13.84,3.054,-1.363,8.486,335.794,814.185,37.575,17.6,1688.564,11.508,15.973,4.58,44.384,4258.296,15.907,8.86,0,,0,0,0,0,0,12.511,-19.74,51.19,-34.983,142.24,562.215,13646.641,,,0,38.376,-7.578,0.331,-0.075,0.92,0,0.854,88.273,4493.884,10423056,277.864,1688.564,37.575,11.508,15.973,4.58,44.384,4258.296,10.226,9.615,4.326,1.054,12.02,459.558,1153.248,19.022,27.592,8.262,4.965,22.958,854.836,2202.59
BEL,Belgium,Europe,2020,,,,,,,-17.866,-132.375,5.989,452.129,23.956,1.104,1.298,6.718,579.686,182,0.103,-17.36,4.91,-6.277,29.881,7.766,2578.222,,,86.84,5.24,0.09,29.41,25.82,0.31,34.89,3.5,0,5.24,23.2,5.01,12.64,87.5,,52509.636,-20.884,75.327,-121.008,458.416,39554.042,2537.616,33.611,,29.509,-2.217,27.932,-3.853,169.982,2227.856,14666.744,,,0.354,-6.99,0.114,-0.052,0.696,26.748,60.015,66.389,58.09,5012.245,-7.038,24.673,-11.368,150.151,12955.637,-0.76,-0.66,39.874,-21.354,13.928,-23.014,84.76,3010.453,7313.429,4,-30.013,42.486,-110.877,258.553,301.994,22309.075,,,0,452.129,1.358,2.161,0.176,13.154,0,5.989,1134.969,7549.862,11589616,608.567,2001.792,26.514,21.67,10.745,11.646,65.391,5642.208,5.726,20.521,2.083,2.158,12.675,432.284,1093.612,14.446,33.493,5.283,8.066,32.149,1090.631,2773.926
HKG,Hong Kong,Asia,2020,,,,,,,-25.109,-86.543,,,,,,,,,,-46.731,14.811,-33.539,38.231,,5099.459,,,,,,,,0,0,,,0.12,0.122,0.001,0.001,35.207,,34430.312,-25.16,99.861,-86.654,257.765,34382.499,,,,,58.665,19.155,18.281,49.443,,6594.999,,,0,,0,0,0,0,0,0.347,0.122,16.286,60.358,0.117,0.113,0.301,40.179,,,0,,0,0,0,0,0,,-29.565,65.895,-71.397,170.092,,22688.041,,,,16.026,61.499,0.115,0.113,0.296,,0.341,39.537,4696.202,7496988,258.124,16.286,0.347,60.358,0.117,0.113,0.301,40.179,0.003,5.491,0.001,0,0.003,0.15,0.37,0.002,21.559,0.001,0,0.002,0.11,0.272
VEN,Venezuela,South America,2020,182.66,3.822,-26.684,-68.248,-41.254,-223.701,-26.052,-141.075,,,,,,,,,,-34.944,0.038,-0.081,0.152,,5.333,5.914,207.985,,,,,,31.646,0,,,0,31.658,0.013,0,58.389,,14081.797,-23.442,80.495,-98.697,322.325,11335.111,,,,,-26.684,46.828,-68.248,187.515,,6594.283,187.515,6594.277,54.198,-35.183,19.498,-42.378,78.074,1112.878,2745.607,54.22,31.658,1113.32,-35.174,19.505,-42.378,78.105,2746.697,,,0,,0,0,0,0,0,,-18.402,33.628,-30.368,134.658,,4735.495,318.555,11202.546,,0,,0,0,0,,0,0,2053.341,28435944,400.429,1113.32,54.22,-35.174,19.505,-42.378,78.105,2746.697,0.022,-0.368,0.008,0,0.031,0.442,1.091,0,,0,0,0,0,0